lower_case,upper_case
kelyb,KELYB
plym,PLYM
club,CLUB
alks,ALKS
valx,VALX
medp,MEDP
tmo,TMO
plpm,PLPM
aciu,ACIU
cey,CEY
scac,SCAC
lnc-ws,LNC-WS
linc,LINC
glo,GLO
spok,SPOK
nre,NRE
kio,KIO
nxpi,NXPI
gil,GIL
pbee,PBEE
aqms,AQMS
lvin,LVIN
dynt,DYNT
awre,AWRE
b,B
adus,ADUS
nby,NBY
trip,TRIP
fpei,FPEI
esq,ESQ
gpmtw,GPMTW
cxp,CXP
osprw,OSPRW
cof_c,COF_C
iova,IOVA
tci,TCI
afsi_f,AFSI_F
uscr,USCR
rtec,RTEC
skis,SKIS
inn,INN
ibp,IBP
skm,SKM
am,AM
amrk,AMRK
pffd,PFFD
cvu,CVU
newt,NEWT
caci,CACI
chmi_a,CHMI_A
jpst,JPST
met,MET
snap,SNAP
cx,CX
olp,OLP
ipar,IPAR
cdr,CDR
knd,KND
gfa,GFA
cdc,CDC
virc,VIRC
qadb,QADB
cash,CASH
pacw,PACW
vmot,VMOT
loxo,LOXO
tcbi,TCBI
tis,TIS
rogs,ROGS
isrg,ISRG
gtxi,GTXI
nmi,NMI
pen,PEN
tlp,TLP
ce,CE
bui,BUI
ubs,UBS
tnp_c,TNP_C
crbp,CRBP
ubsi,UBSI
gwb,GWB
tcf_c,TCF_C
gek,GEK
ds,DS
vnom,VNOM
cemi,CEMI
dwpp,DWPP
ecyt,ECYT
hbb,HBB
vly_a,VLY_A
pei,PEI
cnc,CNC
mik,MIK
holx,HOLX
gva,GVA
edap,EDAP
quik,QUIK
nes,NES
sbow,SBOW
kim_k,KIM_K
swin,SWIN
brg_a,BRG_A
ble,BLE
bh,BH
on,ON
erie,ERIE
mind,MIND
meoh,MEOH
ego,EGO
lgf-b,LGF-B
sfb,SFB
msm,MSM
ltxb,LTXB
ndro,NDRO
eod,EOD
wneb,WNEB
igeb,IGEB
wes,WES
ppih,PPIH
este,ESTE
col,COL
akca,AKCA
wtt,WTT
pch,PCH
bif,BIF
avb,AVB
ibuy,IBUY
pfgc,PFGC
kap,KAP
star_g,STAR_G
gbl,GBL
acu,ACU
rodm,RODM
dq,DQ
ev,EV
asr,ASR
scon,SCON
star,STAR
wilc,WILC
elf,ELF
hjv,HJV
hqy,HQY
colb,COLB
pim,PIM
clyh,CLYH
eog,EOG
hrtg,HRTG
hfxi,HFXI
symx,SYMX
bita,BITA
sbr,SBR
wprt,WPRT
lkq,LKQ
esgs,ESGS
wbc,WBC
utx,UTX
slnow,SLNOW
onev,ONEV
bpmx,BPMX
dxb,DXB
oeuh,OEUH
evok,EVOK
icfi,ICFI
gdv,GDV
tier,TIER
ulti,ULTI
cmpr,CMPR
leu,LEU
rigl,RIGL
kura,KURA
edgw,EDGW
eqco,EQCO
tour,TOUR
noa,NOA
mofg,MOFG
ebsb,EBSB
hope,HOPE
adhd,ADHD
hfbl,HFBL
avk,AVK
gainm,GAINM
znwaa,ZNWAA
vlp,VLP
esxb,ESXB
cni,CNI
byd,BYD
bwa,BWA
dfnl,DFNL
apwc,APWC
cece,CECE
defa,DEFA
apei,APEI
sptn,SPTN
st,ST
mmdmu,MMDMU
scln,SCLN
wpg_i,WPG_I
pmc,PMC
ades,ADES
coll,COLL
peb_c,PEB_C
pes,PES
abt,ABT
gnk,GNK
avav,AVAV
mo,MO
blue,BLUE
hoft,HOFT
tgi,TGI
npv,NPV
sgb,SGB
wtm,WTM
lscc,LSCC
goog,GOOG
cri,CRI
cdr_c,CDR_C
kins,KINS
hp,HP
joe,JOE
tayd,TAYD
fwona,FWONA
snoaw,SNOAW
argx,ARGX
fbss,FBSS
hiho,HIHO
afhbl,AFHBL
acbi,ACBI
apdnw,APDNW
nrp,NRP
acco,ACCO
luna,LUNA
naz,NAZ
acerw,ACERW
fxjp,FXJP
rise,RISE
fgbi,FGBI
chkr,CHKR
lpth,LPTH
egov,EGOV
csx,CSX
efc,EFC
foxf,FOXF
hlf,HLF
ug,UG
cstm,CSTM
sui_a,SUI_A
fsi,FSI
hack,HACK
marps,MARPS
myn,MYN
nw_c-cl,NW_C-CL
bbva,BBVA
nvta,NVTA
ssni,SSNI
l,L
mnr_c,MNR_C
zionw,ZIONW
nsm,NSM
hx,HX
boch,BOCH
nna,NNA
jpus,JPUS
jout,JOUT
gs_i,GS_I
ctt,CTT
isl,ISL
dsl,DSL
hlt,HLT
auo,AUO
ayx,AYX
puk,PUK
bpy,BPY
ggz,GGZ
mcc,MCC
cdxc,CDXC
trcrw,TRCRW
vlo,VLO
cwai,CWAI
aig,AIG
agr,AGR
pcty,PCTY
hsc,HSC
bmlp,BMLP
cdtx,CDTX
aph,APH
man,MAN
lmhb,LMHB
vblt,VBLT
yelp,YELP
dht,DHT
nc,NC
cnbka,CNBKA
gme,GME
clr,CLR
tech,TECH
ms_i,MS_I
avnw,AVNW
bksc,BKSC
mdlz,MDLZ
smm,SMM
rso_b,RSO_B
els,ELS
phg,PHG
mnov,MNOV
num,NUM
enlc,ENLC
landp,LANDP
lpcn,LPCN
enr,ENR
fpp,FPP
gen,GEN
nhc,NHC
sbsi,SBSI
abeow,ABEOW
enz,ENZ
bioa,BIOA
dan,DAN
two_a,TWO_A
jpxn,JPXN
cdzi,CDZI
lts_a,LTS_A
dkt,DKT
mule,MULE
fbc,FBC
kodk-ws,KODK-WS
banc,BANC
fwrd,FWRD
ffin,FFIN
jsyn,JSYN
ffbc,FFBC
hwbk,HWBK
bkyi,BKYI
ph,PH
fdc,FDC
grr,GRR
mcri,MCRI
fsbk,FSBK
irwd,IRWD
srra,SRRA
chscl,CHSCL
eltk,ELTK
crsp,CRSP
chrw,CHRW
occ,OCC
aaww,AAWW
cznc,CZNC
mcft,MCFT
oasm,OASM
mcrb,MCRB
tax,TAX
xco,XCO
lmnx,LMNX
lstr,LSTR
rcg,RCG
crto,CRTO
ighg,IGHG
vktxw,VKTXW
rrgb,RRGB
hbmd,HBMD
regi,REGI
cpf,CPF
cien,CIEN
tnp_d,TNP_D
jsynr,JSYNR
hpi,HPI
gwrs,GWRS
nyt,NYT
pahc,PAHC
gsie,GSIE
mfc,MFC
brs,BRS
ino,INO
usb,USB
san_a,SAN_A
cig,CIG
dcp,DCP
hci,HCI
acia,ACIA
sdvy,SDVY
ucfc,UCFC
shlo,SHLO
ppc,PPC
ston,STON
dpw,DPW
adsk,ADSK
cath,CATH
matw,MATW
vcra,VCRA
iid,IID
unt,UNT
c_k,C_K
snak,SNAK
ecpg,ECPG
avy,AVY
mpacw,MPACW
bdcz,BDCZ
supn,SUPN
ttm,TTM
utsi,UTSI
cve,CVE
pypl,PYPL
rng,RNG
orbc,ORBC
krma,KRMA
cbs,CBS
fdrr,FDRR
acta,ACTA
rpt,RPT
fcre,FCRE
rt,RT
iboc,IBOC
oacqu,OACQU
pmm,PMM
renn,RENN
ksu_,KSU_
pfmt,PFMT
dukh,DUKH
msgn,MSGN
bcpc,BCPC
bbl,BBL
spkep,SPKEP
artx,ARTX
immr,IMMR
ivr_a,IVR_A
uuuu-ws,UUUU-WS
flio,FLIO
dhg,DHG
lxrx,LXRX
agrx,AGRX
etr,ETR
frsh,FRSH
vvc,VVC
nee_r,NEE_R
pfin,PFIN
pgti,PGTI
hqh,HQH
sbbp,SBBP
ccv-cl,CCV-CL
afsi_d,AFSI_D
ubp,UBP
bco,BCO
ns_b,NS_B
bpt,BPT
cmfn,CMFN
ocul,OCUL
ohai,OHAI
fmbh,FMBH
bml_l,BML_L
alrm,ALRM
amt,AMT
evn,EVN
ndp,NDP
cof_f,COF_F
stag,STAG
ncsm,NCSM
je_a,JE_A
dfvl,DFVL
kyn,KYN
star_i,STAR_I
gecc,GECC
resn,RESN
strl,STRL
indu,INDU
axti,AXTI
ir,IR
bvxvw,BVXVW
vpv,VPV
mpa,MPA
obor,OBOR
hbm,HBM
kala,KALA
kmb,KMB
agn,AGN
nxr,NXR
amsf,AMSF
tcp,TCP
gab_g,GAB_G
dst,DST
atacr,ATACR
hy,HY
men,MEN
esnt,ESNT
cnp,CNP
iep,IEP
bpth,BPTH
terp,TERP
shpg,SHPG
ilg,ILG
rhp,RHP
cys,CYS
hifr,HIFR
regn,REGN
nq,NQ
slp,SLP
dgicb,DGICB
ipcc,IPCC
czwi,CZWI
mtor,MTOR
dlbl,DLBL
igz,IGZ
cvm,CVM
bpfhp,BPFHP
hsea,HSEA
kiorw,KIORW
nvro,NVRO
evol,EVOL
sand,SAND
sqbg,SQBG
che,CHE
gg,GG
tetf,TETF
epr_e,EPR_E
jmba,JMBA
inbkl,INBKL
mdlx,MDLX
pnc_q,PNC_Q
lvnta,LVNTA
mtbcp,MTBCP
es,ES
gst_a,GST_A
admp,ADMP
cycc,CYCC
cnxn,CNXN
rvt,RVT
intg,INTG
ocx,OCX
pbt,PBT
agro,AGRO
eqc_d,EQC_D
ktp,KTP
dfs_b-cl,DFS_B-CL
onsiz,ONSIZ
rxdx,RXDX
grif,GRIF
eyegw,EYEGW
jnce,JNCE
svra,SVRA
stbz,STBZ
mui,MUI
payc,PAYC
auto,AUTO
wbig,WBIG
sim,SIM
indf,INDF
zg,ZG
fxep,FXEP
df,DF
nni,NNI
dcud,DCUD
dova,DOVA
wbiy,WBIY
aplp,APLP
mur,MUR
mpc,MPC
ger,GER
agfsw,AGFSW
kex,KEX
osn,OSN
ngvc,NGVC
sc,SC
dtrm,DTRM
rei,REI
dtk,DTK
psec,PSEC
css,CSS
stlru,STLRU
ssw_e,SSW_E
fmciw,FMCIW
kf,KF
nms,NMS
xivh,XIVH
jobs,JOBS
skt,SKT
stra,STRA
atri,ATRI
andx,ANDX
ggz_a,GGZ_A
bfy,BFY
cyccp,CYCCP
bsft,BSFT
vale-p,VALE-P
agle,AGLE
tear,TEAR
cobz,COBZ
kkr,KKR
suns,SUNS
bctf,BCTF
emr,EMR
bfr,BFR
mlhr,MLHR
tphs,TPHS
cor_a-cl,COR_A-CL
fngn,FNGN
ewbc,EWBC
blmn,BLMN
mpx,MPX
jeld,JELD
esgr,ESGR
thrm,THRM
tpgh,TPGH
ras,RAS
kr,KR
ds_d,DS_D
glop,GLOP
dnp,DNP
bnj,BNJ
ttf,TTF
cna,CNA
lnn,LNN
kmpa,KMPA
hil,HIL
kbwb,KBWB
mmu,MMU
heww,HEWW
ctx,CTX
tlrd,TLRD
mye,MYE
igt,IGT
gogo,GOGO
cif,CIF
ari,ARI
kyn_f,KYN_F
neon,NEON
tipt,TIPT
shlm,SHLM
pxlw,PXLW
ofg_b,OFG_B
fcbc,FCBC
cris,CRIS
bsjp,BSJP
tzoo,TZOO
cfcou,CFCOU
vivo,VIVO
bkt,BKT
heb,HEB
sfbc,SFBC
prft,PRFT
chgg,CHGG
pxs,PXS
ptgx,PTGX
pebo,PEBO
bkh,BKH
jhb,JHB
fnteu,FNTEU
cprx,CPRX
ntec,NTEC
bzun,BZUN
ifly,IFLY
blx,BLX
bsm,BSM
evlmc,EVLMC
aqb,AQB
com,COM
ccih,CCIH
hska,HSKA
wfc,WFC
tannl,TANNL
amed,AMED
syke,SYKE
fnjn,FNJN
algn,ALGN
bntc,BNTC
grow,GROW
olbk,OLBK
taho,TAHO
muj,MUJ
rick,RICK
sbny,SBNY
mara,MARA
eeft,EEFT
reml,REML
wft,WFT
pffr,PFFR
ttmi,TTMI
luk,LUK
schk,SCHK
cof_d,COF_D
cof_p,COF_P
rpd,RPD
acad,ACAD
ivlu,IVLU
clmt,CLMT
tkat,TKAT
miiiu,MIIIU
gst,GST
pfsi,PFSI
dbes,DBES
shag,SHAG
icsh,ICSH
zionz,ZIONZ
whlr,WHLR
plbc,PLBC
ecc,ECC
sgza,SGZA
pni,PNI
flqg,FLQG
wve,WVE
cde,CDE
mbii,MBII
kalv,KALV
bcv,BCV
fig,FIG
uuu,UUU
fcpt,FCPT
lxfr,LXFR
strp,STRP
vac,VAC
navb,NAVB
tleh,TLEH
tdoc,TDOC
esba,ESBA
rrd,RRD
idsa,IDSA
hlne,HLNE
kfn_,KFN_
cvti,CVTI
key_i,KEY_I
ttnp,TTNP
afsd,AFSD
doc,DOC
jax,JAX
ocfc,OCFC
mtl_,MTL_
pol,POL
cio_a,CIO_A
navg,NAVG
cc,CC
omf,OMF
aamc,AAMC
xntk,XNTK
cnx,CNX
gldd,GLDD
oc,OC
ryb,RYB
vstm,VSTM
rxn_a,RXN_A
c_p,C_P
bbk,BBK
glad,GLAD
cco,CCO
oacq,OACQ
snhnl,SNHNL
pnk,PNK
gabrw,GABRW
relv,RELV
airi,AIRI
tkf,TKF
ctre,CTRE
tpge,TPGE
jpm,JPM
nid,NID
qxtr,QXTR
qvm,QVM
tco,TCO
dox,DOX
hta,HTA
mtnb,MTNB
ppbi,PPBI
enta,ENTA
mzor,MZOR
lngr,LNGR
trvn,TRVN
gilt,GILT
glbz,GLBZ
cfms,CFMS
cub,CUB
hcac-ws,HCAC-WS
rubi,RUBI
btec,BTEC
djco,DJCO
hair,HAIR
pnc_p,PNC_P
pran,PRAN
zf,ZF
jbn,JBN
cenx,CENX
rtn,RTN
atu,ATU
nee_k,NEE_K
btx,BTX
cwh,CWH
artna,ARTNA
cone,CONE
mlm,MLM
mdp,MDP
adc,ADC
nxeou,NXEOU
chk,CHK
hca,HCA
flqd,FLQD
fco,FCO
awr,AWR
glw,GLW
gpacu,GPACU
usat,USAT
cybr,CYBR
nyrt,NYRT
alot,ALOT
sien,SIEN
eigi,EIGI
wsbc,WSBC
ezt,EZT
bdxa,BDXA
athm,ATHM
jpc,JPC
pnr,PNR
dmlp,DMLP
dtea,DTEA
mb,MB
amag,AMAG
ffbw,FFBW
r,R
eno,ENO
ora,ORA
nee_j,NEE_J
ngs,NGS
snmx,SNMX
chdn,CHDN
umc,UMC
aeg,AEG
macqw,MACQW
kodk,KODK
moglc,MOGLC
gam_b,GAM_B
brks,BRKS
pro,PRO
sgy-ws,SGY-WS
ldl,LDL
iamxw,IAMXW
mov,MOV
seneb,SENEB
fqal,FQAL
mfg,MFG
cercw,CERCW
stt_d,STT_D
hd,HD
llex,LLEX
srci,SRCI
pcyg,PCYG
jsynw,JSYNW
cyrxw,CYRXW
fcvt,FCVT
mpct,MPCT
neog,NEOG
corr_a,CORR_A
ubp_g,UBP_G
dci,DCI
cldt,CLDT
tlra,TLRA
fldm,FLDM
flqe,FLQE
trst,TRST
ears,EARS
spgi,SPGI
numv,NUMV
relx,RELX
nbh,NBH
pcg_a,PCG_A
arwr,ARWR
cyh,CYH
foanc,FOANC
vfc,VFC
stml,STML
peb_d,PEB_D
turn,TURN
apam,APAM
lvhe,LVHE
mchx,MCHX
gene,GENE
banfp,BANFP
cs,CS
ons,ONS
dpz,DPZ
xbio,XBIO
ceco,CECO
mime,MIME
zts,ZTS
tu,TU
dfp,DFP
amt_b,AMT_B
bcov,BCOV
ares_a,ARES_A
nerv,NERV
infi,INFI
fbk,FBK
imo,IMO
ntgr,NTGR
attu,ATTU
cim_a,CIM_A
gigb,GIGB
atrs,ATRS
nrg,NRG
bbd,BBD
cvrr,CVRR
ubio,UBIO
enb,ENB
gnst,GNST
gram,GRAM
jrs,JRS
rfta,RFTA
pih,PIH
pbip,PBIP
ntri,NTRI
thst,THST
dg,DG
ljpc,LJPC
rpai_a,RPAI_A
vsh,VSH
term,TERM
tdw-ws-a,TDW-WS-A
psmg,PSMG
ueps,UEPS
cat,CAT
kai,KAI
cifs,CIFS
vamo,VAMO
fcel,FCEL
ajrd,AJRD
goodp,GOODP
jsmd,JSMD
abr_c,ABR_C
pcmi,PCMI
trxc,TRXC
idn,IDN
avx,AVX
cyou,CYOU
hep,HEP
jsml,JSML
tedu,TEDU
whlrp,WHLRP
dyls,DYLS
cpb,CPB
chrs,CHRS
mhe,MHE
nmt,NMT
psa_u,PSA_U
tpyp,TPYP
gldw,GLDW
ssw,SSW
ht_c,HT_C
glog,GLOG
pvbc,PVBC
schw_b,SCHW_B
cbl,CBL
ksu,KSU
mgp,MGP
ath,ATH
grpn,GRPN
aeti,AETI
irdmb,IRDMB
cpst,CPST
pavmw,PAVMW
txn,TXN
nflt,NFLT
wsci,WSCI
dsxn,DSXN
next,NEXT
aan,AAN
bkcc,BKCC
spsb,SPSB
por,POR
apri,APRI
alxn,ALXN
kamn,KAMN
lion,LION
gms,GMS
atge,ATGE
mp_d,MP_D
csb,CSB
chuba,CHUBA
efbi,EFBI
zto,ZTO
axr,AXR
nvfy,NVFY
inva,INVA
wwr,WWR
ahl,AHL
pbhc,PBHC
fsct,FSCT
amrn,AMRN
pbsm,PBSM
imi,IMI
sohoo,SOHOO
pii,PII
gcp,GCP
vly,VLY
btt,BTT
yeco,YECO
vsda,VSDA
ctws,CTWS
clns_b,CLNS_B
avhi,AVHI
esl,ESL
grnb,GRNB
bxg,BXG
holi,HOLI
ftd,FTD
tpz,TPZ
fdvv,FDVV
msn,MSN
oew,OEW
cfo,CFO
fc,FC
iret,IRET
cb,CB
vtgn,VTGN
nmr,NMR
usb_o,USB_O
dgly,DGLY
frpt,FRPT
smed,SMED
pre_i,PRE_I
gyc,GYC
amat,AMAT
ar,AR
udbi,UDBI
home,HOME
amtd,AMTD
gmta,GMTA
oge,OGE
apen,APEN
okta,OKTA
calm,CALM
hmny,HMNY
eig,EIG
ms,MS
ptx,PTX
cbio,CBIO
vmw,VMW
tex,TEX
cbo,CBO
all_f,ALL_F
rzb,RZB
symc,SYMC
qdel,QDEL
agys,AGYS
hdaw,HDAW
pmbc,PMBC
erii,ERII
kw,KW
psa_a,PSA_A
axe,AXE
wvvip,WVVIP
navi,NAVI
msf,MSF
knsl,KNSL
ete,ETE
mli,MLI
smrt,SMRT
sfbs,SFBS
mmv,MMV
zvv,ZVV
dgse,DGSE
angi,ANGI
sgms,SGMS
cxw,CXW
earn,EARN
pets,PETS
lindw,LINDW
hson,HSON
esgf,ESGF
botj,BOTJ
rcon,RCON
pxus,PXUS
mqt,MQT
pbnc,PBNC
nesrw,NESRW
fomx,FOMX
reph,REPH
evk,EVK
dea,DEA
sswn,SSWN
veru,VERU
vkq,VKQ
hesm,HESM
ffic,FFIC
gdl,GDL
rwc,RWC
psa_v,PSA_V
dfen,DFEN
cts,CTS
akba,AKBA
dk,DK
botz,BOTZ
flt,FLT
moc,MOC
rmr,RMR
nete,NETE
mdrx,MDRX
gpor,GPOR
aos,AOS
nsp,NSP
pbf,PBF
bac_i,BAC_I
eqt,EQT
pega,PEGA
syy,SYY
prph,PRPH
bobe,BOBE
ois,OIS
cogt,COGT
wtfcw,WTFCW
mbot,MBOT
seco,SECO
mdb,MDB
wetf,WETF
omfl,OMFL
nxn,NXN
ffbcw,FFBCW
ufs,UFS
aeua,AEUA
rnr,RNR
san,SAN
gtim,GTIM
sov_c,SOV_C
chs,CHS
mosy,MOSY
zgnx,ZGNX
kmi_a,KMI_A
chek,CHEK
rsg,RSG
evo,EVO
ngd,NGD
ara,ARA
ing,ING
cii,CII
esnc,ESNC
cot,COT
gtt,GTT
ety,ETY
hmn,HMN
bk_c,BK_C
hnrg,HNRG
amg,AMG
boe,BOE
fast,FAST
nls,NLS
bedu,BEDU
skx,SKX
numg,NUMG
hckt,HCKT
vntr,VNTR
zumz,ZUMZ
fnsr,FNSR
hcom,HCOM
wuba,WUBA
gef,GEF
tcpc,TCPC
biib,BIIB
usa,USA
snsr,SNSR
bxp,BXP
reg,REG
flxs,FLXS
zyne,ZYNE
bmo,BMO
insw,INSW
alb,ALB
nuag,NUAG
gdo,GDO
srev,SREV
gtyhu,GTYHU
vno_k,VNO_K
hcsg,HCSG
arrs,ARRS
hips,HIPS
grmy,GRMY
jcap,JCAP
xpo,XPO
dwsn,DWSN
batrk,BATRK
hsbc,HSBC
nie,NIE
chscn,CHSCN
sce_l,SCE_L
arkw,ARKW
gmre_a,GMRE_A
gs_b,GS_B
onvi,ONVI
plow,PLOW
fnko,FNKO
cia,CIA
cpe,CPE
fix,FIX
fslr,FSLR
opof,OPOF
eccz,ECCZ
shen,SHEN
bqh,BQH
cmcsa,CMCSA
pcar,PCAR
igi,IGI
dsw,DSW
gabc,GABC
rore,RORE
rfci,RFCI
ebay,EBAY
qrvo,QRVO
aqxp,AQXP
vr_a,VR_A
bivv,BIVV
mcb,MCB
coup,COUP
cog,COG
rell,RELL
esgw,ESGW
moh,MOH
dks,DKS
ndsn,NDSN
geccl,GECCL
csse,CSSE
etb,ETB
jrjr,JRJR
jhmf,JHMF
imh,IMH
pdli,PDLI
fpi,FPI
ebr-b,EBR-B
hli,HLI
bmtc,BMTC
inwk,INWK
stly,STLY
or,OR
tegp,TEGP
ekso,EKSO
lmrk,LMRK
spvm,SPVM
sino,SINO
nvln,NVLN
mca,MCA
ae,AE
hbk,HBK
dlth,DLTH
agco,AGCO
ardc,ARDC
amwd,AMWD
prcp,PRCP
cray,CRAY
sce_h,SCE_H
land,LAND
srunw,SRUNW
reem,REEM
tkc,TKC
dwin,DWIN
aft,AFT
pgc,PGC
iba,IBA
lcahw,LCAHW
tcrz,TCRZ
dbrt,DBRT
hrl,HRL
rrts,RRTS
dlbs,DLBS
nghco,NGHCO
dsx,DSX
trtn,TRTN
lvhb,LVHB
brg_d,BRG_D
kbh,KBH
spvu,SPVU
dpg,DPG
mlr,MLR
born,BORN
aciw,ACIW
webk,WEBK
dfin,DFIN
dwlv,DWLV
lho,LHO
iaf,IAF
cbd,CBD
fnlc,FNLC
jnp,JNP
baa,BAA
med,MED
cvv,CVV
ocsll,OCSLL
tmq,TMQ
wyde,WYDE
alt,ALT
cpa,CPA
yumc,YUMC
lind,LIND
gnmk,GNMK
sxe,SXE
ablx,ABLX
fun,FUN
wns,WNS
hurn,HURN
all_b,ALL_B
plpc,PLPC
cfa,CFA
ffhg,FFHG
srne,SRNE
fbp,FBP
ktn,KTN
ome,OME
brcd,BRCD
penn,PENN
trch,TRCH
muc,MUC
momo,MOMO
elecw,ELECW
mtu,MTU
beat,BEAT
eri,ERI
mnro,MNRO
ato,ATO
hseb,HSEB
lsbk,LSBK
ely,ELY
mcn,MCN
vii,VII
vmo,VMO
dxyn,DXYN
kgji,KGJI
rvsb,RVSB
psb_u,PSB_U
anf,ANF
ipgp,IPGP
pho,PHO
uamy,UAMY
rgr,RGR
recn,RECN
rmpl_,RMPL_
unfi,UNFI
lvus,LVUS
bcor,BCOR
faar,FAAR
pdco,PDCO
hk-ws,HK-WS
dpst,DPST
oasi,OASI
sojb,SOJB
cmcm,CMCM
otiv,OTIV
wbid,WBID
mie,MIE
gsat,GSAT
cacc,CACC
dhr,DHR
scph,SCPH
rpxc,RPXC
sgyp,SGYP
kerx,KERX
nhf,NHF
ffwm,FFWM
zkin,ZKIN
avxs,AVXS
fsam,FSAM
rtrx,RTRX
bcd,BCD
snna,SNNA
fsp,FSP
bbox,BBOX
ahgp,AHGP
bwl-a,BWL-A
rarx,RARX
pei_b,PEI_B
mgen,MGEN
nnn,NNN
ibkr,IBKR
expe,EXPE
syx,SYX
cag,CAG
hmhc,HMHC
rdy,RDY
two_b,TWO_B
kt,KT
enbl,ENBL
hnw,HNW
vvi,VVI
iam,IAM
kye,KYE
psa_x,PSA_X
nuro,NURO
bdj,BDJ
gddy,GDDY
uwt,UWT
oacqw,OACQW
exas,EXAS
onvo,ONVO
fof,FOF
avd,AVD
vhi,VHI
codi_a,CODI_A
wbai,WBAI
cprt,CPRT
atlc,ATLC
epe,EPE
data,DATA
mlvf,MLVF
hdp,HDP
agen,AGEN
msb,MSB
svm,SVM
iart,IART
casy,CASY
cnacr,CNACR
gem,GEM
ivr_b,IVR_B
rds-a,RDS-A
rcky,RCKY
spke,SPKE
smcp,SMCP
cbt,CBT
jpeh,JPEH
bw,BW
zb_g,ZB_G
evt,EVT
mynd,MYND
phii,PHII
mfa,MFA
dspg,DSPG
dfbg,DFBG
cldr,CLDR
pagp,PAGP
ras_c,RAS_C
link,LINK
ns,NS
rbs,RBS
bcbp,BCBP
jgh,JGH
isr,ISR
dgica,DGICA
fiv,FIV
ifmk,IFMK
w,W
atni,ATNI
pgnx,PGNX
vgi,VGI
ibn,IBN
cqh,CQH
rven,RVEN
nxeo,NXEO
gpt_a,GPT_A
taxr,TAXR
ifon,IFON
caa,CAA
ltm,LTM
trpx,TRPX
oec,OEC
cytk,CYTK
finl,FINL
eccy,ECCY
cvo,CVO
shipw,SHIPW
ande,ANDE
gars,GARS
csgp,CSGP
krc,KRC
meet,MEET
dsgx,DSGX
hsii,HSII
pavm,PAVM
cmcl,CMCL
disck,DISCK
door,DOOR
osis,OSIS
agii,AGII
cnfr,CNFR
civb,CIVB
ftxd,FTXD
ivr_c,IVR_C
iteq,ITEQ
dlph,DLPH
gsd,GSD
tdg,TDG
mcr,MCR
ntn,NTN
ndaq,NDAQ
sybt,SYBT
bcom,BCOM
afam,AFAM
ncna,NCNA
wpm,WPM
elc,ELC
pme,PME
parr,PARR
nbr,NBR
scci,SCCI
zyme,ZYME
aqua,AQUA
aig-ws,AIG-WS
brg_c,BRG_C
le,LE
cev,CEV
xom,XOM
eht,EHT
cnk,CNK
stdy,STDY
newtz,NEWTZ
opgnw,OPGNW
life,LIFE
wat,WAT
tlf,TLF
pcn,PCN
trov,TROV
kmx,KMX
sjt,SJT
alk,ALK
erf,ERF
fbiz,FBIZ
ddr_j,DDR_J
smmd,SMMD
ltbr,LTBR
pnw,PNW
snps,SNPS
pfnx,PFNX
byfc,BYFC
eros,EROS
maa_i,MAA_I
wlfc,WLFC
jbl,JBL
eme,EME
hscz,HSCZ
csgs,CSGS
vtnr,VTNR
omp,OMP
pbnd,PBND
cic-u,CIC-U
apts,APTS
nanr,NANR
amda,AMDA
ampe,AMPE
lmfaw,LMFAW
dial,DIAL
lea,LEA
g,G
fly,FLY
ckpt,CKPT
agc,AGC
bhac,BHAC
ogen,OGEN
htlf,HTLF
ism,ISM
ofed,OFED
hcn,HCN
whlm,WHLM
gogl,GOGL
evgn,EVGN
cmo,CMO
derm,DERM
z,Z
meip,MEIP
gps,GPS
imtb,IMTB
eei,EEI
jhms,JHMS
evgbc,EVGBC
arco,ARCO
ghyb,GHYB
induw,INDUW
bnso,BNSO
stk,STK
ua,UA
lxp_c,LXP_C
dgx,DGX
agncb,AGNCB
rvlt,RVLT
mays,MAYS
ken,KEN
spxc,SPXC
jdd,JDD
hubb,HUBB
nbix,NBIX
nzf,NZF
job,JOB
sce_e,SCE_E
dezu,DEZU
tcco,TCCO
mgu,MGU
vmc,VMC
bf-b,BF-B
emqq,EMQQ
nr,NR
mgln,MGLN
vmi,VMI
gnc,GNC
itgr,ITGR
afsi,AFSI
cbsh,CBSH
rnsc,RNSC
pti,PTI
wnc,WNC
ospr,OSPR
mmdm,MMDM
evv,EVV
tlgt,TLGT
md,MD
oii,OII
nuv,NUV
amrhw,AMRHW
mfcb,MFCB
czr,CZR
ra,RA
cpt,CPT
menu,MENU
ddbi,DDBI
ofc,OFC
lmrko,LMRKO
extn,EXTN
oilu,OILU
sach,SACH
hclp,HCLP
awx,AWX
pfis,PFIS
pset,PSET
fllv,FLLV
andar,ANDAR
dxcm,DXCM
abrn,ABRN
cmg,CMG
isdr,ISDR
brg,BRG
hpe,HPE
mhn,MHN
sptm,SPTM
sig,SIG
smlp,SMLP
cmtl,CMTL
prkr,PRKR
xrx,XRX
bjri,BJRI
bax,BAX
seac,SEAC
foe,FOE
asc,ASC
rnlc,RNLC
ha,HA
tpiv,TPIV
mlab,MLAB
gpm,GPM
cmssu,CMSSU
hcapz,HCAPZ
gtyh,GTYH
qxgg,QXGG
bma,BMA
mygn,MYGN
mbvx,MBVX
cmd,CMD
mer_p,MER_P
ubcp,UBCP
wyn,WYN
hyacu,HYACU
bms,BMS
emgf,EMGF
bbg,BBG
ssw_g,SSW_G
zixi,ZIXI
avh,AVH
nath,NATH
svbi,SVBI
ste,STE
iim,IIM
cmss,CMSS
wmlp,WMLP
bgsf,BGSF
nyv,NYV
bdc,BDC
sri,SRI
fbhs,FBHS
drd,DRD
bmrn,BMRN
wbil,WBIL
dsx_b,DSX_B
chgx,CHGX
dm,DM
wyig,WYIG
flqs,FLQS
stz-b,STZ-B
cresy,CRESY
kim_l,KIM_L
gra,GRA
nbd,NBD
dxus,DXUS
any,ANY
nee_q,NEE_Q
petz,PETZ
pirs,PIRS
wrb_b,WRB_B
cplp,CPLP
tga,TGA
vet,VET
fgp,FGP
mmc,MMC
bmra,BMRA
scs,SCS
tss,TSS
se,SE
myj,MYJ
spa,SPA
frd,FRD
ibo,IBO
stng,STNG
ver,VER
orig,ORIG
brgl,BRGL
cohn,COHN
incy,INCY
syrs,SYRS
gsk,GSK
pwod,PWOD
serv,SERV
arch,ARCH
ggp_a,GGP_A
all_c,ALL_C
culp,CULP
gfnsl,GFNSL
bcrx,BCRX
sgen,SGEN
spil,SPIL
rbus,RBUS
cfr_a,CFR_A
kmph,KMPH
h,H
accp,ACCP
kbsf,KBSF
mlqd,MLQD
pra,PRA
cbrl,CBRL
jsynu,JSYNU
kim_i,KIM_I
bcc,BCC
tve,TVE
kblm,KBLM
uuuu,UUUU
bhacu,BHACU
lee,LEE
hmg,HMG
hty,HTY
sci,SCI
deef,DEEF
br,BR
mvin,MVIN
esdi,ESDI
wex,WEX
ifix,IFIX
jhy,JHY
stt_g,STT_G
ras_b,RAS_B
omcl,OMCL
seic,SEIC
inxn,INXN
scacu,SCACU
sens,SENS
azre,AZRE
dhxm,DHXM
gf,GF
jmt,JMT
jll,JLL
qlys,QLYS
srtsw,SRTSW
lvhd,LVHD
cit,CIT
dgii,DGII
coo,COO
uti,UTI
rock,ROCK
six,SIX
utmd,UTMD
ncmi,NCMI
intu,INTU
irr,IRR
pbsk,PBSK
ncom,NCOM
jls,JLS
cah,CAH
snv,SNV
ai,AI
ctz,CTZ
lpla,LPLA
crd-a,CRD-A
gkos,GKOS
tpge-ws,TPGE-WS
qts,QTS
wafd,WAFD
asps,ASPS
umpq,UMPQ
sui,SUI
swn,SWN
irix,IRIX
nauh,NAUH
aem,AEM
vips,VIPS
ingr,INGR
csu,CSU
tnp_e,TNP_E
iin,IIN
trco,TRCO
gxp,GXP
amma,AMMA
lii,LII
kro,KRO
prgx,PRGX
apu,APU
ahc,AHC
strt,STRT
nxst,NXST
wbt,WBT
gbab,GBAB
plya,PLYA
iiin,IIIN
zeal,ZEAL
aqn,AQN
vno_g,VNO_G
ctxs,CTXS
nsc,NSC
nvax,NVAX
gainn,GAINN
fihd,FIHD
tcap,TCAP
geo,GEO
hasi,HASI
trc,TRC
gtls,GTLS
trs,TRS
fate,FATE
bbby,BBBY
vslr,VSLR
banf,BANF
dei,DEI
staf,STAF
schw_d,SCHW_D
src,SRC
aeo,AEO
oeur,OEUR
rate,RATE
anfi,ANFI
hzo,HZO
ipg,IPG
ctlt,CTLT
adx,ADX
rdus,RDUS
vbiv,VBIV
lc,LC
shbi,SHBI
jbt,JBT
mbtf,MBTF
ustb,USTB
nulv,NULV
jcp,JCP
gwgh,GWGH
ofg_d,OFG_D
slb,SLB
mdvxw,MDVXW
rli,RLI
fisv,FISV
jnj,JNJ
wms,WMS
avid,AVID
clct,CLCT
hemv,HEMV
fmi,FMI
c_c,C_C
wgp,WGP
umh_b,UMH_B
hgsd,HGSD
tbnk,TBNK
vtr,VTR
hl_b,HL_B
exr,EXR
cmct,CMCT
prta,PRTA
aimt,AIMT
sq,SQ
bt,BT
torm,TORM
cce,CCE
gjv,GJV
mitl,MITL
tsm,TSM
rusha,RUSHA
wins,WINS
cqp,CQP
mlnx,MLNX
ctu,CTU
lov,LOV
ag,AG
cffn,CFFN
cvr,CVR
bpop,BPOP
nsec,NSEC
visi,VISI
celp,CELP
sina,SINA
ctrv,CTRV
merc,MERC
rgs,RGS
gabr,GABR
bgfv,BGFV
ftxg,FTXG
vr_b,VR_B
cxh,CXH
jpm-ws,JPM-WS
mab,MAB
prlb,PRLB
wwd,WWD
geos,GEOS
io,IO
chnr,CHNR
praa,PRAA
mcf,MCF
cdns,CDNS
irdm,IRDM
sltb,SLTB
litb,LITB
phh,PHH
bkj,BKJ
cool,COOL
pdm,PDM
asb,ASB
hyhg,HYHG
tsco,TSCO
ensg,ENSG
wfc-ws,WFC-WS
mtb_c,MTB_C
vwr,VWR
gnus,GNUS
brkl,BRKL
wyy,WYY
evg,EVG
mnk,MNK
sxt,SXT
sb_b,SB_B
idra,IDRA
elj,ELJ
emi,EMI
wwe,WWE
rily,RILY
dtla_,DTLA_
kgc,KGC
esrx,ESRX
tdi,TDI
mnp,MNP
lby,LBY
ivty,IVTY
coke,COKE
spxv,SPXV
nclh,NCLH
cacg,CACG
bpopm,BPOPM
rmti,RMTI
rlj,RLJ
dxpe,DXPE
soho,SOHO
sndx,SNDX
lbai,LBAI
pfh,PFH
ppln,PPLN
hdee,HDEE
bgy,BGY
rop,ROP
bg,BG
ylde,YLDE
tbbk,TBBK
pnrg,PNRG
piy,PIY
idev,IDEV
nx,NX
ptsi,PTSI
gfncp,GFNCP
rexx,REXX
bks,BKS
bto,BTO
ucba,UCBA
iiji,IIJI
cubs,CUBS
geb,GEB
leg,LEG
afge,AFGE
vnrx,VNRX
clir,CLIR
gto,GTO
clm,CLM
hnp,HNP
slra,SLRA
pk,PK
axon,AXON
nice,NICE
giga,GIGA
del,DEL
bki,BKI
htfa,HTFA
wyigw,WYIGW
sgqi,SGQI
spyd,SPYD
glob,GLOB
gsht,GSHT
pinc,PINC
etg,ETG
re,RE
arii,ARII
extr,EXTR
bidu,BIDU
stb,STB
acm,ACM
iyld,IYLD
twnk,TWNK
dtyl,DTYL
msca,MSCA
nh,NH
wtba,WTBA
air,AIR
ds_c,DS_C
bwinb,BWINB
mitt,MITT
axu,AXU
swk,SWK
pcg_g,PCG_G
mapi,MAPI
casc,CASC
hydb,HYDB
isf,ISF
cig-c,CIG-C
clrbw,CLRBW
cht,CHT
cix,CIX
bcx,BCX
lgih,LGIH
abus,ABUS
fph,FPH
mrvl,MRVL
eses,ESES
wtw,WTW
sf_a,SF_A
hyt,HYT
crt,CRT
bwen,BWEN
rgse,RGSE
sbac,SBAC
amd,AMD
obas,OBAS
gdp,GDP
nwfl,NWFL
csbr,CSBR
trx,TRX
mcbc,MCBC
tpor,TPOR
hpt,HPT
unf,UNF
bce,BCE
mtb_,MTB_
tgp_b,TGP_B
pw_a,PW_A
dx_b,DX_B
san_i,SAN_I
xshq,XSHQ
nept,NEPT
hsgx,HSGX
ifn,IFN
vnet,VNET
mdly,MDLY
vrtx,VRTX
rso,RSO
wstl,WSTL
pesi,PESI
zsan,ZSAN
bxe,BXE
thg,THG
otg,OTG
mms,MMS
inuv,INUV
izea,IZEA
usna,USNA
wiw,WIW
pcsb,PCSB
wit,WIT
ebmt,EBMT
din,DIN
comg,COMG
usatp,USATP
rprx,RPRX
belfa,BELFA
cnsl,CNSL
rvnc,RVNC
wgo,WGO
pe,PE
pck,PCK
cbu,CBU
fdbc,FDBC
mrt,MRT
buz,BUZ
infr,INFR
cwco,CWCO
qtnt,QTNT
apopw,APOPW
wll,WLL
rnwk,RNWK
cbk,CBK
cvbf,CVBF
mrln,MRLN
jof,JOF
kdmn,KDMN
ctek,CTEK
fnf,FNF
kfy,KFY
bfs_c,BFS_C
ibio,IBIO
cato,CATO
pmts,PMTS
evix,EVIX
jbgs,JBGS
buff,BUFF
optt,OPTT
efx,EFX
ainv,AINV
jets,JETS
ntes,NTES
felp,FELP
cadc,CADC
eqbk,EQBK
bbn,BBN
nvgn,NVGN
www,WWW
apdn,APDN
opgn,OPGN
cetv,CETV
oran,ORAN
mcs,MCS
tmk_c,TMK_C
trt,TRT
ryam_a,RYAM_A
nail,NAIL
ffiu,FFIU
cvly,CVLY
brqsw,BRQSW
ushy,USHY
splg,SPLG
cbpo,CBPO
bstc,BSTC
evj,EVJ
jasn,JASN
fisi,FISI
dvp,DVP
dlr_j,DLR_J
drna,DRNA
qtrh,QTRH
acmr,ACMR
afsi_b,AFSI_B
ivac,IVAC
anab,ANAB
txt,TXT
ggzr,GGZR
ctr,CTR
ipwr,IPWR
vrsn,VRSN
pbi_b,PBI_B
uitb,UITB
tacow,TACOW
scx,SCX
bta,BTA
mhd,MHD
dte,DTE
py,PY
blfs,BLFS
nsl,NSL
sngx,SNGX
dbl,DBL
rok,ROK
rexr_a,REXR_A
cubi_e,CUBI_E
clsn,CLSN
eix,EIX
atos,ATOS
apog,APOG
xpl,XPL
idti,IDTI
cio,CIO
epix,EPIX
mne,MNE
lsxmb,LSXMB
pot,POT
quad,QUAD
dse,DSE
ravn,RAVN
icpt,ICPT
baf,BAF
crmt,CRMT
spe_b,SPE_B
uis,UIS
unm,UNM
gol,GOL
lgcyo,LGCYO
has,HAS
cof-ws,COF-WS
peg,PEG
gshtu,GSHTU
cnacu,CNACU
sce_b,SCE_B
wor,WOR
ford,FORD
zagg,ZAGG
smtc,SMTC
gass,GASS
pfd,PFD
dwld,DWLD
fnbg,FNBG
ccne,CCNE
afsi_a,AFSI_A
bkhu,BKHU
bio-b,BIO-B
vrtv,VRTV
fsbw,FSBW
ppr,PPR
novn,NOVN
dvmt,DVMT
sbbx,SBBX
ac,AC
fele,FELE
mog-b,MOG-B
adms,ADMS
flr,FLR
jdiv,JDIV
peri,PERI
arry,ARRY
bont,BONT
agm_c,AGM_C
becn,BECN
psb,PSB
ewgs,EWGS
apa,APA
ccbg,CCBG
ulh,ULH
nvgs,NVGS
yy,YY
brk-b,BRK-B
ern,ERN
hdef,HDEF
hele,HELE
xtnt,XTNT
rare,RARE
pgz,PGZ
chw,CHW
sre,SRE
rosew,ROSEW
centa,CENTA
waas,WAAS
evbg,EVBG
oxm,OXM
inb,INB
smbk,SMBK
cxdc,CXDC
nptn,NPTN
do,DO
hls,HLS
ssnt,SSNT
dems,DEMS
acn,ACN
splb,SPLB
ghdx,GHDX
jwn,JWN
sbt,SBT
smtx,SMTX
psa_e,PSA_E
bhp,BHP
fbms,FBMS
ttc,TTC
aap,AAP
ams,AMS
amfw,AMFW
stlr,STLR
aav,AAV
ndra,NDRA
lqdt,LQDT
ohrp,OHRP
whlrd,WHLRD
aon,AON
rbc,RBC
homb,HOMB
laur,LAUR
cutr,CUTR
wbib,WBIB
by,BY
haha,HAHA
trvg,TRVG
vray,VRAY
evbn,EVBN
twou,TWOU
kffb,KFFB
el,EL
scyx,SCYX
blw,BLW
aroc,AROC
vg,VG
csq,CSQ
chct,CHCT
sti,STI
wern,WERN
trp,TRP
dvn,DVN
s,S
gbx,GBX
glng,GLNG
pko,PKO
wab,WAB
cmco,CMCO
lbtya,LBTYA
oak,OAK
gd,GD
bse,BSE
cybe,CYBE
bold,BOLD
pw,PW
cai,CAI
iac,IAC
immu,IMMU
cpss,CPSS
pam,PAM
pvg,PVG
alo,ALO
sbgl,SBGL
ttek,TTEK
divy,DIVY
grbk,GRBK
psa_y,PSA_Y
caw,CAW
gbci,GBCI
gjr,GJR
bam,BAM
eiv,EIV
jfr,JFR
rdcm,RDCM
imos,IMOS
env,ENV
qsii,QSII
rmt,RMT
min,MIN
htbi,HTBI
iroq,IROQ
hbhc,HBHC
abc,ABC
veon,VEON
fwp,FWP
isg,ISG
crvs,CRVS
adi,ADI
mfgp,MFGP
slmbp,SLMBP
mc,MC
cspi,CSPI
jynt,JYNT
pbmd,PBMD
jmpb,JMPB
oclr,OCLR
exac,EXAC
gifi,GIFI
tapr,TAPR
oa,OA
roll,ROLL
brid,BRID
urbn,URBN
dwt,DWT
cswi,CSWI
fvc,FVC
bak,BAK
cnsf,CNSF
kiq,KIQ
lway,LWAY
nbn,NBN
cme,CME
are,ARE
aiv_a,AIV_A
nghc,NGHC
bdc_b,BDC_B
yld,YLD
rbpaa,RBPAA
sqzz,SQZZ
nmrx,NMRX
cafd,CAFD
srva,SRVA
ins,INS
ggb,GGB
eex,EEX
gff,GFF
hban,HBAN
zen,ZEN
vki,VKI
rvp,RVP
armk,ARMK
jhi,JHI
hznp,HZNP
bgs,BGS
he,HE
pru,PRU
wrld,WRLD
oxlc,OXLC
klac,KLAC
ltc,LTC
mvc,MVC
plab,PLAB
idt,IDT
omfs,OMFS
itri,ITRI
deck,DECK
tnet,TNET
ttec,TTEC
iec,IEC
neot,NEOT
dtus,DTUS
tess,TESS
sep,SEP
rdnt,RDNT
nee_c,NEE_C
eufl,EUFL
snde,SNDE
dtf,DTF
pcg_e,PCG_E
wpg,WPG
sbnb,SBNB
pzc,PZC
strs,STRS
wcg,WCG
mpacu,MPACU
senea,SENEA
san_b,SAN_B
itek,ITEK
pcm,PCM
afh,AFH
isrl,ISRL
pati,PATI
hive,HIVE
arnc_b,ARNC_B
carb,CARB
liqt,LIQT
jhmt,JHMT
wldn,WLDN
hewc,HEWC
wrls,WRLS
asm,ASM
sbra,SBRA
vly_b,VLY_B
staa,STAA
cof_g,COF_G
exel,EXEL
dyn,DYN
erc,ERC
roku,ROKU
ocrx,OCRX
cabo,CABO
tisi,TISI
msi,MSI
imuc-ws,IMUC-WS
so,SO
cdor,CDOR
nao,NAO
irmd,IRMD
hyh,HYH
jpm_d,JPM_D
ozm,OZM
ostk,OSTK
ttph,TTPH
slm,SLM
dlr_h,DLR_H
htgx,HTGX
usod,USOD
hei-a,HEI-A
gss,GSS
fnte,FNTE
dakt,DAKT
zlab,ZLAB
crl,CRL
akr,AKR
crzo,CRZO
nac,NAC
bkk,BKK
infn,INFN
nmfc,NMFC
lpt,LPT
ntp,NTP
cmta,CMTA
sgy,SGY
mrcy,MRCY
cj,CJ
dtul,DTUL
prto,PRTO
ctw,CTW
tse,TSE
rpm,RPM
kfs,KFS
pfl,PFL
bgb,BGB
flqm,FLQM
xtlb,XTLB
twn,TWN
asg,ASG
hewi,HEWI
wtid,WTID
knl,KNL
hhyx,HHYX
gut,GUT
sbrap,SBRAP
fcau,FCAU
xel,XEL
elec,ELEC
rgls,RGLS
virt,VIRT
shw,SHW
sbux,SBUX
ko,KO
googl,GOOGL
exxi,EXXI
au,AU
nav_d,NAV_D
scd,SCD
too,TOO
bval,BVAL
ssi,SSI
wbii,WBII
ncs,NCS
post,POST
mscc,MSCC
alsk,ALSK
prpo,PRPO
fti,FTI
mtdr,MTDR
wb,WB
iqdg,IQDG
wrlsu,WRLSU
lret,LRET
are_d,ARE_D
tivo,TIVO
v,V
ckx,CKX
sbi,SBI
chfc,CHFC
ahpaw,AHPAW
cdw,CDW
ptnq,PTNQ
dest,DEST
jnpr,JNPR
tslx,TSLX
srclp,SRCLP
yorw,YORW
usap,USAP
nulg,NULG
juno,JUNO
nndm,NNDM
eglt,EGLT
frph,FRPH
antm,ANTM
tcca,TCCA
msp,MSP
gab_j,GAB_J
msbf,MSBF
coty,COTY
tsro,TSRO
seed,SEED
sti_a,STI_A
jpih,JPIH
sppi,SPPI
mh_d,MH_D
eryp,ERYP
svt,SVT
pkg,PKG
crs,CRS
low,LOW
flca,FLCA
rnem,RNEM
sol,SOL
aval,AVAL
wst,WST
ivc,IVC
nfj,NFJ
ab,AB
sdrl,SDRL
chfs,CHFS
tsn,TSN
rig,RIG
hibb,HIBB
nny,NNY
vbnd,VBND
tds,TDS
flow,FLOW
edow,EDOW
ftxo,FTXO
synt,SYNT
drad,DRAD
eyeg,EYEG
mxc,MXC
trmt,TRMT
crmd,CRMD
wkhs,WKHS
pstb,PSTB
clgx,CLGX
nmk_b,NMK_B
nrt,NRT
mro,MRO
mh_a,MH_A
cmssw,CMSSW
frc_e,FRC_E
cga,CGA
ltrx,LTRX
cpah,CPAH
lpl,LPL
trq,TRQ
irbt,IRBT
hcc,HCC
hvbc,HVBC
res,RES
qure,QURE
cf,CF
mndo,MNDO
lbdc,LBDC
bolt,BOLT
alle,ALLE
rbio,RBIO
infy,INFY
gs_j,GS_J
jhs,JHS
mfus,MFUS
rnvaz,RNVAZ
emcf,EMCF
pfk,PFK
mmit,MMIT
ncr,NCR
orc,ORC
awi,AWI
wrlsw,WRLSW
tpx,TPX
ggo_a,GGO_A
hes,HES
abr_a,ABR_A
dhf,DHF
nxc,NXC
htgm,HTGM
hmsy,HMSY
dac,DAC
hewy,HEWY
inve,INVE
ti,TI
qcp,QCP
imax,IMAX
pub,PUB
lpx,LPX
bhge,BHGE
rol,ROL
ipoa,IPOA
sito,SITO
ame,AME
sphs,SPHS
olli,OLLI
dov,DOV
roseu,ROSEU
tef,TEF
eim,EIM
myc,MYC
cbmxw,CBMXW
chef,CHEF
wmk,WMK
codi,CODI
hk,HK
clf,CLF
ambc,AMBC
bku,BKU
sifi,SIFI
msdiw,MSDIW
lmos,LMOS
tap,TAP
csml,CSML
ehr,EHR
hcap,HCAP
bbrx,BBRX
hdez,HDEZ
trup,TRUP
tpc,TPC
sji,SJI
nmk_c,NMK_C
sbph,SBPH
veri,VERI
vtl,VTL
uri,URI
nxrt,NXRT
spxx,SPXX
ftnt,FTNT
apto,APTO
ssy,SSY
naii,NAII
fstr,FSTR
sgu,SGU
utg,UTG
altr,ALTR
ul,UL
rbs_s,RBS_S
mcv,MCV
ggt,GGT
rnp,RNP
kalu,KALU
gwre,GWRE
vsm,VSM
nycb_a,NYCB_A
type,TYPE
alp_o-cl,ALP_O-CL
sto,STO
ofix,OFIX
uihc,UIHC
royt,ROYT
tgls,TGLS
iret_b-cl,IRET_B-CL
ztr,ZTR
huntu,HUNTU
nwe,NWE
ascma,ASCMA
fmx,FMX
cdev,CDEV
pcrx,PCRX
fdlo,FDLO
usmc,USMC
mams,MAMS
cptag,CPTAG
xrm,XRM
knop,KNOP
lxp,LXP
apb,APB
jcom,JCOM
jemd,JEMD
patk,PATK
cyrn,CYRN
uboh,UBOH
ngl,NGL
aehr,AEHR
jhmm,JHMM
hygs,HYGS
gain,GAIN
msa,MSA
heuv,HEUV
nano,NANO
fmciu,FMCIU
iipr_a,IIPR_A
tdw,TDW
kss,KSS
aiy,AIY
np,NP
tcs,TCS
pphmp,PPHMP
nwsa,NWSA
fang,FANG
btg,BTG
pteu,PTEU
too_a,TOO_A
mdgl,MDGL
hcn_i,HCN_I
sna,SNA
stmp,STMP
blvdw,BLVDW
ddr_a,DDR_A
unit,UNIT
glbr,GLBR
txmd,TXMD
embu,EMBU
ticc,TICC
itcb,ITCB
ipoa-ws,IPOA-WS
hun,HUN
lho_i,LHO_I
nfx,NFX
anh_a,ANH_A
ful,FUL
psb_t,PSB_T
gild,GILD
pegi,PEGI
cba,CBA
lsvx,LSVX
ambcw,AMBCW
cigi,CIGI
ocsi,OCSI
atv,ATV
thr,THR
mni,MNI
tsbk,TSBK
hvt-a,HVT-A
axp,AXP
hfwa,HFWA
c,C
nuo,NUO
jack,JACK
twmc,TWMC
bvsn,BVSN
logo,LOGO
cccr,CCCR
sce_j,SCE_J
rmbs,RMBS
ancx,ANCX
pbdm,PBDM
bswn,BSWN
chmi,CHMI
cca,CCA
cci_a,CCI_A
jhmh,JHMH
oxfd,OXFD
bep,BEP
akts,AKTS
fico,FICO
cei,CEI
acglo,ACGLO
oilk,OILK
safm,SAFM
mnkd,MNKD
gnrt,GNRT
ftri,FTRI
dltr,DLTR
snes,SNES
cns,CNS
mtbc,MTBC
rrr,RRR
uivm,UIVM
ibds,IBDS
agncn,AGNCN
agm-a,AGM-A
star_f,STAR_F
xcra,XCRA
cgg,CGG
lmb,LMB
alx,ALX
nvec,NVEC
bkmu,BKMU
mtt,MTT
mini,MINI
lyv,LYV
esgg,ESGG
tbi,TBI
mn,MN
bac_y,BAC_Y
omab,OMAB
amh,AMH
sjr,SJR
jblu,JBLU
axs_e,AXS_E
dwdp,DWDP
wrk,WRK
gbdc,GBDC
cste,CSTE
jco,JCO
flqh,FLQH
aaba,AABA
ago,AGO
pid,PID
bgc,BGC
titn,TITN
susb,SUSB
nee_i,NEE_I
axta,AXTA
dre,DRE
ca,CA
etx,ETX
mxwl,MXWL
obsv,OBSV
nat,NAT
ddf,DDF
flmb,FLMB
pcq,PCQ
sbcp,SBCP
advm,ADVM
vuzi,VUZI
cstr,CSTR
send,SEND
mdr,MDR
abe,ABE
amn,AMN
bibl,BIBL
edbi,EDBI
tik,TIK
nurow,NUROW
nbo,NBO
mcef,MCEF
rmgn,RMGN
gard,GARD
abbv,ABBV
yndx,YNDX
mco,MCO
bdl,BDL
ddls,DDLS
pval,PVAL
inf,INF
lzb,LZB
myok,MYOK
antx,ANTX
shos,SHOS
cma-ws,CMA-WS
once,ONCE
cytxw,CYTXW
wy,WY
mat,MAT
ssd,SSD
dcph,DCPH
slim,SLIM
chmg,CHMG
cerc,CERC
jpse,JPSE
spmo,SPMO
lng,LNG
mzf,MZF
gwph,GWPH
chco,CHCO
lead,LEAD
clns_j,CLNS_J
spcb,SPCB
appn,APPN
wbir,WBIR
yesr,YESR
sb_d,SB_D
lyl,LYL
rdhl,RDHL
mlp,MLP
cim_b,CIM_B
shi,SHI
grub,GRUB
cort,CORT
osur,OSUR
civi,CIVI
brac,BRAC
nm_h,NM_H
celgz,CELGZ
itt,ITT
gty,GTY
ismd,ISMD
gfi,GFI
nspr,NSPR
cbtx,CBTX
llqd,LLQD
nws,NWS
alrn,ALRN
arkq,ARKQ
safe,SAFE
crox,CROX
wlkp,WLKP
yoga,YOGA
arw,ARW
dla,DLA
ten,TEN
glre,GLRE
pcbk,PCBK
coe,COE
nxq,NXQ
efnl,EFNL
gsm,GSM
ipoa-u,IPOA-U
sigi,SIGI
trex,TREX
gam,GAM
tcf_d,TCF_D
edge,EDGE
ida,IDA
xone,XONE
gib,GIB
seas,SEAS
nuva,NUVA
dvd,DVD
gpmt,GPMT
arkk,ARKK
pds,PDS
wvfc,WVFC
inst,INST
bbt_f,BBT_F
xyl,XYL
gvp,GVP
bcrh,BCRH
eqrr,EQRR
esio,ESIO
unvr,UNVR
cdl,CDL
rmniu,RMNIU
cumb,CUMB
hawx,HAWX
ups,UPS
slno,SLNO
rpai,RPAI
osbcp,OSBCP
igd,IGD
nep,NEP
fsac,FSAC
dri,DRI
wtiu,WTIU
pai,PAI
pqg,PQG
mnst,MNST
icd,ICD
pth,PTH
ftag,FTAG
bhacw,BHACW
nvmi,NVMI
rfi,RFI
mtd,MTD
evstc,EVSTC
shlx,SHLX
eyld,EYLD
icon,ICON
hmc,HMC
psmb,PSMB
cez,CEZ
win,WIN
ese,ESE
cto,CTO
cnac,CNAC
phk,PHK
bgio,BGIO
ked,KED
ckh,CKH
jbht,JBHT
amrs,AMRS
smmt,SMMT
exiv,EXIV
sce_g,SCE_G
afc,AFC
nrz,NRZ
fhn_a,FHN_A
xl,XL
pmf,PMF
emn,EMN
cara,CARA
anh_c,ANH_C
tnk,TNK
bgi,BGI
mack,MACK
ggt_b,GGT_B
fmci,FMCI
ubnt,UBNT
pht,PHT
schw_c,SCHW_C
drq,DRQ
sedg,SEDG
pdex,PDEX
dotaw,DOTAW
orm,ORM
cemb,CEMB
dva,DVA
frc_h,FRC_H
rely,RELY
agge,AGGE
grx_b,GRX_B
qqqx,QQQX
vvpr,VVPR
schn,SCHN
evi,EVI
aaoi,AAOI
arr,ARR
ebs,EBS
jd,JD
bmch,BMCH
mear,MEAR
pbpb,PBPB
shg,SHG
mtz,MTZ
bcr,BCR
lila,LILA
nwpx,NWPX
hcac,HCAC
rev,REV
ypf,YPF
htd,HTD
cws,CWS
kcap,KCAP
dmb,DMB
bxp_b,BXP_B
bxmx,BXMX
insg,INSG
psb_w,PSB_W
dx_a,DX_A
agu,AGU
gdot,GDOT
cld,CLD
ptmc,PTMC
tg,TG
bomn,BOMN
rffc,RFFC
scap,SCAP
ltrpa,LTRPA
nyny,NYNY
iret_c,IRET_C
laq,LAQ
ival,IVAL
orbk,ORBK
mhla,MHLA
etmw,ETMW
efas,EFAS
blin,BLIN
cnet,CNET
mh_c,MH_C
arlp,ARLP
silc,SILC
aubn,AUBN
frba,FRBA
bsac,BSAC
zdge,ZDGE
diax,DIAX
cree,CREE
sld,SLD
asrv,ASRV
rlje,RLJE
sor,SOR
atus,ATUS
bldr,BLDR
dske,DSKE
thff,THFF
ubfo,UBFO
mnta,MNTA
bwg,BWG
mdca,MDCA
spmd,SPMD
sfhy,SFHY
fmao,FMAO
spyx,SPYX
esea,ESEA
sr,SR
vdth,VDTH
ajxa,AJXA
cma,CMA
hal,HAL
rfeu,RFEU
amh_f,AMH_F
egbn,EGBN
tjx,TJX
viav,VIAV
akp,AKP
mgpi,MGPI
dnb,DNB
sunw,SUNW
bxs,BXS
achn,ACHN
xec,XEC
rave,RAVE
ciz,CIZ
yge,YGE
kst,KST
gsew,GSEW
nm,NM
fbnk,FBNK
xxii,XXII
miln,MILN
bbrg,BBRG
hewu,HEWU
ssrm,SSRM
wlk,WLK
lhcg,LHCG
mgm,MGM
inov,INOV
plx,PLX
jmpc,JMPC
nsh,NSH
pump,PUMP
naov,NAOV
nvg,NVG
jpt,JPT
stnlu,STNLU
dbd,DBD
pvac,PVAC
ffhl,FFHL
fdus,FDUS
hbm-ws,HBM-WS
yrd,YRD
ped,PED
atsg,ATSG
tell,TELL
emdv,EMDV
wmb,WMB
htz,HTZ
ntrsp,NTRSP
nssc,NSSC
mpo,MPO
ndls,NDLS
betr,BETR
ix,IX
jpm_e,JPM_E
ahh,AHH
bsrr,BSRR
pcln,PCLN
egy,EGY
uba,UBA
asb-ws,ASB-WS
srg,SRG
niq,NIQ
tep,TEP
sho_f,SHO_F
uevm,UEVM
flgr,FLGR
syn,SYN
cweb,CWEB
rtk,RTK
htld,HTLD
qrhc,QRHC
cpg,CPG
ebf,EBF
swp,SWP
ctsh,CTSH
vcyt,VCYT
carg,CARG
tyg,TYG
htus,HTUS
rhi,RHI
abb,ABB
oln,OLN
bte,BTE
tx,TX
llit,LLIT
sny,SNY
mdxg,MDXG
aaap,AAAP
qvcb,QVCB
usdp,USDP
emd,EMD
kang,KANG
fteo,FTEO
npo,NPO
baby,BABY
irl,IRL
oxy,OXY
reis,REIS
clsd,CLSD
lnt,LNT
bcac,BCAC
o,O
sblk,SBLK
prah,PRAH
arnc,ARNC
gnrx,GNRX
lts,LTS
prh,PRH
psdo,PSDO
nha,NHA
ccs,CCS
coda,CODA
mos,MOS
wpcs,WPCS
jha,JHA
sa,SA
sqlv,SQLV
dlhc,DLHC
fng,FNG
tmp,TMP
psa_b,PSA_B
lfvn,LFVN
bern,BERN
forty,FORTY
upl,UPL
hei,HEI
ayr,AYR
info,INFO
cvcy,CVCY
rif,RIF
lbrdk,LBRDK
ver_f,VER_F
tile,TILE
fcf,FCF
amlx,AMLX
mfsf,MFSF
ew,EW
spe,SPE
ivenc,IVENC
uzc,UZC
cmc,CMC
aldr,ALDR
prim,PRIM
cfbi,CFBI
nmz,NMZ
rfap,RFAP
udr,UDR
sbs,SBS
fred,FRED
rgco,RGCO
thm,THM
bbc,BBC
myo,MYO
dfnd,DFND
homl,HOML
nem,NEM
lope,LOPE
isns,ISNS
cyhhz,CYHHZ
sfun,SFUN
dar,DAR
eman,EMAN
bpfh,BPFH
ipdn,IPDN
comb,COMB
mvt,MVT
imgn,IMGN
nvus,NVUS
bbu,BBU
wafdw,WAFDW
exk,EXK
flc,FLC
jcs,JCS
cry,CRY
bac_c,BAC_C
dbit,DBIT
pjt,PJT
aeb,AEB
nee_g-cl,NEE_G-CL
tal,TAL
acer,ACER
rsls,RSLS
nuan,NUAN
nodk,NODK
ghyg,GHYG
ltea,LTEA
bhbk,BHBK
cake,CAKE
ibcp,IBCP
aet,AET
gbil,GBIL
vly-ws,VLY-WS
lptx,LPTX
bscp,BSCP
gds,GDS
aey,AEY
frta,FRTA
sohom,SOHOM
nflx,NFLX
noah,NOAH
alim,ALIM
agi,AGI
rf,RF
bhacr,BHACR
inse,INSE
dax,DAX
cmre_c,CMRE_C
cfc_b,CFC_B
omnt,OMNT
afss,AFSS
eml,EML
aple,APLE
ziop,ZIOP
ecca,ECCA
kcapl,KCAPL
mkc,MKC
avgr,AVGR
tcf,TCF
lmt,LMT
bip,BIP
mlco,MLCO
crnt,CRNT
usg,USG
mci,MCI
tcbiw,TCBIW
ewsc,EWSC
vrs,VRS
hfxe,HFXE
aggp,AGGP
xene,XENE
ms_k,MS_K
nro,NRO
hgh,HGH
fran,FRAN
eqfn,EQFN
twlo,TWLO
atnm,ATNM
gfed,GFED
trec,TREC
powi,POWI
cunb,CUNB
sp,SP
cnya,CNYA
ivh,IVH
asgn,ASGN
egi,EGI
srt,SRT
meso,MESO
jw-a,JW-A
wfc_o,WFC_O
cgnx,CGNX
sxc,SXC
hcrf,HCRF
cndf,CNDF
xth,XTH
hbanp,HBANP
chma,CHMA
ewus,EWUS
mram,MRAM
pcg_b,PCG_B
nyh,NYH
exc,EXC
ygyi,YGYI
sne,SNE
strm,STRM
kwr,KWR
gpx,GPX
bbt,BBT
wttr,WTTR
ssys,SSYS
dwas,DWAS
lnd,LND
ebio,EBIO
cent,CENT
lens,LENS
rivrw,RIVRW
ocn,OCN
pyn,PYN
xshd,XSHD
mfnc,MFNC
acglp,ACGLP
play,PLAY
wfc_w,WFC_W
voxx,VOXX
k,K
fntew,FNTEW
salm,SALM
psc,PSC
knx,KNX
five,FIVE
chl,CHL
cubi_f,CUBI_F
rfp,RFP
rmcf,RMCF
ctbb,CTBB
vntv,VNTV
scacw,SCACW
chh,CHH
dbvt,DBVT
tat,TAT
wfc_n,WFC_N
awf,AWF
kop,KOP
aveo,AVEO
bsmx,BSMX
itus,ITUS
teva,TEVA
dlbr,DLBR
hpq,HPQ
inn_b-cl,INN_B-CL
nrcia,NRCIA
imom,IMOM
adap,ADAP
mntx,MNTX
samg,SAMG
kmi,KMI
gnty,GNTY
lcnb,LCNB
pah,PAH
ehth,EHTH
vnce,VNCE
nhi,NHI
lob,LOB
gfn,GFN
hmlp,HMLP
wyigu,WYIGU
hacv,HACV
ocio,OCIO
fork,FORK
yrcw,YRCW
cyan,CYAN
bac_l,BAC_L
alsn,ALSN
evf,EVF
vpg,VPG
smmv,SMMV
dmrl,DMRL
hql,HQL
eocc,EOCC
pag,PAG
slrc,SLRC
star_d,STAR_D
ffc,FFC
bhv,BHV
pfi,PFI
cib,CIB
ufab,UFAB
mgic,MGIC
ptlc,PTLC
ions,IONS
ktcc,KTCC
sgrp,SGRP
inap,INAP
xin,XIN
pbbi,PBBI
bzm,BZM
utes,UTES
lfgr,LFGR
himx,HIMX
cjjd,CJJD
aeri,AERI
abac,ABAC
lho_j,LHO_J
sgf,SGF
vcf,VCF
gpro,GPRO
exls,EXLS
gpn,GPN
emo,EMO
alog,ALOG
mtem,MTEM
ftf,FTF
alg,ALG
sorl,SORL
oke,OKE
dxlg,DXLG
oi,OI
fll,FLL
bcacr,BCACR
crm,CRM
tcx,TCX
ovas,OVAS
asx,ASX
ssc,SSC
vrml,VRML
htht,HTHT
uwn,UWN
glop_a,GLOP_A
sync,SYNC
gbli,GBLI
mgf,MGF
hrzn,HRZN
lanc,LANC
feng,FENG
stl,STL
stba,STBA
desc,DESC
wvvi,WVVI
gnmx,GNMX
bld,BLD
rnmc,RNMC
aht,AHT
trns,TRNS
roic,ROIC
sce_c,SCE_C
bml_i,BML_I
ican,ICAN
kaacw,KAACW
bbt_e,BBT_E
bio,BIO
emsd,EMSD
orpn,ORPN
ntnx,NTNX
jpme,JPME
crd-b,CRD-B
immy,IMMY
lbtyb,LBTYB
mmsi,MMSI
ibkcp,IBKCP
lb,LB
mpw,MPW
fuv,FUV
slgn,SLGN
rbcaa,RBCAA
msfg,MSFG
ndrm,NDRM
cvlt,CVLT
ddjp,DDJP
shld,SHLD
gop,GOP
ale,ALE
td,TD
tgna,TGNA
cuz,CUZ
tndm,TNDM
qcrh,QCRH
refa,REFA
prts,PRTS
kn,KN
znga,ZNGA
tgen,TGEN
pre_f,PRE_F
nwli,NWLI
amba,AMBA
mfin,MFIN
plym_a,PLYM_A
lfc,LFC
gsb,GSB
sab,SAB
jmlp,JMLP
jrvr,JRVR
svu,SVU
tpr,TPR
mmdmw,MMDMW
form,FORM
aln,ALN
csod,CSOD
cck,CCK
vrx,VRX
hydd,HYDD
nymtp,NYMTP
vymi,VYMI
gmfl,GMFL
glbs,GLBS
bhvn,BHVN
gpi,GPI
trgp,TRGP
frme,FRME
bas,BAS
xflt,XFLT
ren,REN
lovw,LOVW
mux,MUX
gm,GM
ait,AIT
ch,CH
ibm,IBM
mfa_b,MFA_B
rgc,RGC
ntla,NTLA
dxr,DXR
emkr,EMKR
tcfc,TCFC
chekw,CHEKW
lll,LLL
rushb,RUSHB
gatx,GATX
fpay,FPAY
txrh,TXRH
flmx,FLMX
cvgw,CVGW
mfdx,MFDX
sogo,SOGO
cpac,CPAC
clne,CLNE
refr,REFR
lorl,LORL
calf,CALF
cldx,CLDX
if,IF
ke,KE
ec,EC
azo,AZO
matf,MATF
bvn,BVN
skyw,SKYW
wrlsr,WRLSR
pyt,PYT
mitt_a,MITT_A
fibk,FIBK
tldh,TLDH
bofil,BOFIL
mpv,MPV
cway,CWAY
fbm,FBM
swnc,SWNC
dlng_a,DLNG_A
catb,CATB
fult,FULT
smhi,SMHI
bcv_a,BCV_A
wifi,WIFI
tgt,TGT
ovly,OVLY
jbk,JBK
qtna,QTNA
cnmd,CNMD
asix,ASIX
cci,CCI
lexea,LEXEA
airt,AIRT
cinr,CINR
ecf_a,ECF_A
astc,ASTC
lh,LH
igvt,IGVT
smg,SMG
dd_a,DD_A
ctso,CTSO
cpsi,CPSI
ipb,IPB
sonc,SONC
orit,ORIT
dd,DD
panw,PANW
eeq,EEQ
mcrn,MCRN
kkr_b,KKR_B
cats,CATS
rio,RIO
glog_a,GLOG_A
pfn,PFN
ihd,IHD
kors,KORS
sona,SONA
sppp,SPPP
sify,SIFY
blkb,BLKB
bwp,BWP
pnbk,PNBK
nyld,NYLD
gs_d,GS_D
px,PX
dvcr,DVCR
crvl,CRVL
nudm,NUDM
prnt,PRNT
srpt,SRPT
vvus,VVUS
gfy,GFY
vza,VZA
snn,SNN
gcap,GCAP
iff,IFF
gudb,GUDB
ctl,CTL
cbh,CBH
sbcf,SBCF
tblu,TBLU
cetxw,CETXW
mtg,MTG
ttd,TTD
dhx,DHX
bb,BB
mmi,MMI
cty,CTY
amh_d,AMH_D
pyds,PYDS
cbshp,CBSHP
podd,PODD
fe,FE
sect,SECT
nbl,NBL
sivb,SIVB
dlng,DLNG
simo,SIMO
rxiiw,RXIIW
cac,CAC
bdsi,BDSI
mas,MAS
too_b,TOO_B
ttoo,TTOO
arh_c,ARH_C
hsbc_a,HSBC_A
pref,PREF
myov,MYOV
hcci,HCCI
pola,POLA
onsiw,ONSIW
gjt,GJT
wfe_a,WFE_A
ngls_a,NGLS_A
casi,CASI
fut,FUT
kmt,KMT
djd,DJD
enia,ENIA
ftft,FTFT
nvcn,NVCN
epay,EPAY
cuba,CUBA
piz,PIZ
alv,ALV
esdiw,ESDIW
wri,WRI
cbm,CBM
swks,SWKS
nvo,NVO
amh_e,AMH_E
gtyhw,GTYHW
egan,EGAN
vvr,VVR
ffkt,FFKT
catc,CATC
stkl,STKL
ssb,SSB
emj,EMJ
ufpi,UFPI
t,T
via,VIA
aht_d,AHT_D
afsi_e,AFSI_E
nm_g,NM_G
atax,ATAX
bpi,BPI
sasr,SASR
acrx,ACRX
deltw,DELTW
nktr,NKTR
hubg,HUBG
klic,KLIC
lgnd,LGND
mrdnw,MRDNW
glt,GLT
eudv,EUDV
sstk,SSTK
hrtx,HRTX
spns,SPNS
fcap,FCAP
afst,AFST
ibmj,IBMJ
neo,NEO
aiz,AIZ
aaon,AAON
psmc,PSMC
ht_d,HT_D
iots,IOTS
pkbk,PKBK
crh,CRH
mktx,MKTX
rndb,RNDB
wbif,WBIF
gpk,GPK
tcbip,TCBIP
cor_a,COR_A
cphc,CPHC
frac,FRAC
teck,TECK
stwd,STWD
bsqr,BSQR
egrx,EGRX
ci,CI
rs,RS
wgl,WGL
andaw,ANDAW
bsti,BSTI
xoxo,XOXO
uvsp,UVSP
wfc_p,WFC_P
gut_a,GUT_A
giii,GIII
bur,BUR
wcc,WCC
tait,TAIT
bah,BAH
usac,USAC
dlx,DLX
wfc_v,WFC_V
ntb,NTB
nrim,NRIM
pfbi,PFBI
eqgp,EQGP
putw,PUTW
schw_b-cl,SCHW_B-CL
mgnx,MGNX
fnwb,FNWB
eio,EIO
mdvx,MDVX
bud,BUD
sgh,SGH
ihc,IHC
pfsw,PFSW
ambr,AMBR
krg,KRG
bbf,BBF
nusa,NUSA
rlh,RLH
eos,EOS
klxi,KLXI
gab_d,GAB_D
rlgt,RLGT
kyo,KYO
jpn,JPN
petq,PETQ
prgs,PRGS
it,IT
nhtc,NHTC
vhc,VHC
bel,BEL
arql,ARQL
prk,PRK
pze,PZE
smin,SMIN
npk,NPK
jw-b,JW-B
logm,LOGM
aks,AKS
jjsf,JJSF
mua,MUA
trib,TRIB
kkr_a,KKR_A
jsd,JSD
gnrc,GNRC
vmin,VMIN
axas,AXAS
ual,UAL
fdp,FDP
ggal,GGAL
pys,PYS
dmtx,DMTX
loan,LOAN
omn,OMN
acsf,ACSF
tho,THO
isd,ISD
srax,SRAX
fdeu,FDEU
cno,CNO
hum,HUM
apt,APT
old,OLD
abev,ABEV
wpg_h,WPG_H
mgcd,MGCD
pope,POPE
ovid,OVID
aldw,ALDW
bscr,BSCR
tlk,TLK
hrs,HRS
ks,KS
rwlk,RWLK
capl,CAPL
jva,JVA
atlo,ATLO
siri,SIRI
tanni,TANNI
hjpx,HJPX
ne,NE
koss,KOSS
qsr,QSR
celc,CELC
enrj,ENRJ
lcii,LCII
crk,CRK
pool,POOL
aed,AED
de,DE
pre_h,PRE_H
wal,WAL
gtn,GTN
ghl,GHL
fpt,FPT
miii,MIII
plg,PLG
hbp,HBP
sckt,SCKT
dmo,DMO
aeh,AEH
lyg,LYG
lsxmk,LSXMK
mxim,MXIM
cbb_b,CBB_B
clbs,CLBS
psti,PSTI
mtp,MTP
pri,PRI
afb,AFB
ibkco,IBKCO
agm_a,AGM_A
btu,BTU
jmu,JMU
mlnk,MLNK
usas,USAS
pglc,PGLC
rlgy,RLGY
hiw,HIW
mtb,MTB
nqp,NQP
gzt,GZT
fitb,FITB
slct,SLCT
mkc-v,MKC-V
ago_b,AGO_B
tslf,TSLF
pxd,PXD
pfpt,PFPT
osbc,OSBC
mmp,MMP
dx,DX
ashx,ASHX
usrt,USRT
ntwk,NTWK
wina,WINA
cpn,CPN
faln,FALN
bx,BX
grvy,GRVY
tti,TTI
acls,ACLS
sovb,SOVB
zbio,ZBIO
oxbr,OXBR
epm,EPM
eemo,EEMO
spxe,SPXE
smp,SMP
pbb,PBB
aq,AQ
itw,ITW
dex,DEX
ctxr,CTXR
gbnk,GBNK
umbf,UMBF
ai_b,AI_B
jakk,JAKK
gden,GDEN
noc,NOC
clns_h,CLNS_H
irt,IRT
btx-ws,BTX-WS
cnxr,CNXR
mga,MGA
nbw,NBW
slf,SLF
blj,BLJ
aer,AER
pn,PN
core,CORE
bracr,BRACR
xgti,XGTI
cptal,CPTAL
ivr,IVR
istr,ISTR
forr,FORR
skys,SKYS
chad,CHAD
amgp,AMGP
flo,FLO
akrx,AKRX
mdlq,MDLQ
ctv,CTV
crf,CRF
matx,MATX
wynn,WYNN
ogcp,OGCP
rst,RST
c_n,C_N
gww,GWW
drh,DRH
teo,TEO
twow,TWOW
gssc,GSSC
wcn,WCN
dfs,DFS
atai,ATAI
whr,WHR
jpm_h,JPM_H
mhi,MHI
uzb,UZB
axs_d,AXS_D
cnq,CNQ
vno,VNO
banc_d,BANC_D
inbk,INBK
bebe,BEBE
demg,DEMG
glv,GLV
resi,RESI
oflx,OFLX
zeus,ZEUS
vteb,VTEB
tmus,TMUS
vcv,VCV
dds,DDS
blhy,BLHY
ntic,NTIC
valu,VALU
rnet,RNET
bac_w,BAC_W
efax,EFAX
bxc,BXC
goex,GOEX
rci,RCI
ewre,EWRE
egn,EGN
plxp,PLXP
ggzrw,GGZRW
ktf,KTF
inn_c,INN_C
abr_b,ABR_B
shop,SHOP
ally,ALLY
pnfp,PNFP
inn_d,INN_D
kmda,KMDA
tail,TAIL
ghs,GHS
ldos,LDOS
cwt,CWT
site,SITE
caj,CAJ
wr,WR
mxdu,MXDU
achc,ACHC
zbh,ZBH
pci,PCI
unh,UNH
aeis,AEIS
oncs,ONCS
divo,DIVO
tril,TRIL
mdwd,MDWD
evar,EVAR
icui,ICUI
eigr,EIGR
ensv,ENSV
ori,ORI
ipl_d,IPL_D
rilyl,RILYL
wbk,WBK
zais,ZAIS
vfl,VFL
vgm,VGM
osb,OSB
live,LIVE
srlp,SRLP
dnow,DNOW
arlz,ARLZ
ally_a,ALLY_A
intc,INTC
gjp,GJP
imkta,IMKTA
keyw,KEYW
abil,ABIL
wstg,WSTG
egp,EGP
buse,BUSE
axl,AXL
jill,JILL
aiw,AIW
gm-ws-b,GM-WS-B
fsb,FSB
chscm,CHSCM
cbf,CBF
asfi,ASFI
belfb,BELFB
sbgi,SBGI
snx,SNX
scvl,SCVL
gci,GCI
cmre_d,CMRE_D
gec,GEC
all,ALL
clrb,CLRB
mxl,MXL
rdc,RDC
idxx,IDXX
uthr,UTHR
wnrl,WNRL
asna,ASNA
gmo,GMO
ee,EE
dwac,DWAC
sngxw,SNGXW
qmom,QMOM
mlpb,MLPB
ipxl,IPXL
pnnt,PNNT
corr,CORR
cizn,CIZN
snbr,SNBR
ssw_d,SSW_D
wmgi,WMGI
ontx,ONTX
cha,CHA
hzn,HZN
uec,UEC
mbi,MBI
ctas,CTAS
ctib,CTIB
ryn,RYN
kth,KTH
cm,CM
clh,CLH
cubi,CUBI
eacq,EACQ
ms_f,MS_F
mksi,MKSI
xcem,XCEM
bldp,BLDP
rcs,RCS
ff,FF
iccc,ICCC
ogs,OGS
newr,NEWR
wltw,WLTW
cxse,CXSE
sni,SNI
gevo,GEVO
evtc,EVTC
rox,ROX
mrtx,MRTX
frc_d,FRC_D
geh,GEH
afg,AFG
leju,LEJU
phys,PHYS
hdrw,HDRW
pkd,PKD
brn,BRN
vco,VCO
isca,ISCA
ccf,CCF
ggp,GGP
bwxt,BWXT
kirk,KIRK
mdco,MDCO
nvtr,NVTR
watt,WATT
cpk,CPK
bdge,BDGE
kgrn,KGRN
nke,NKE
wfc_x,WFC_X
son,SON
chtr,CHTR
bbdo,BBDO
tcbil,TCBIL
stks,STKS
rds-b,RDS-B
alpn,ALPN
arkr,ARKR
gern,GERN
msbi,MSBI
save,SAVE
afgh,AFGH
fenc,FENC
gamr,GAMR
sd,SD
aieq,AIEQ
ntrp,NTRP
qgen,QGEN
rilyz,RILYZ
vicr,VICR
znh,ZNH
ht_e,HT_E
bntcw,BNTCW
psx,PSX
per,PER
nly_e,NLY_E
hes_a,HES_A
adsw,ADSW
cohu,COHU
plxs,PLXS
hovnp,HOVNP
matr,MATR
frc,FRC
otic,OTIC
pcg,PCG
usou,USOU
hxl,HXL
oney,ONEY
ctrn,CTRN
pml,PML
kndi,KNDI
aht_g,AHT_G
oibr-c,OIBR-C
src_a,SRC_A
dvax,DVAX
vktx,VKTX
cwbc,CWBC
gyb,GYB
auph,AUPH
stpp,STPP
morn,MORN
bac,BAC
gov,GOV
gure,GURE
bac_a,BAC_A
hlx,HLX
omer,OMER
spxn,SPXN
cid,CID
gab,GAB
elu,ELU
rp,RP
htbk,HTBK
idmo,IDMO
ktovw,KTOVW
ohi,OHI
jag,JAG
smplw,SMPLW
cbg,CBG
spwh,SPWH
aac,AAC
aegn,AEGN
atro,ATRO
asur,ASUR
rfil,RFIL
ln,LN
ffsg,FFSG
drys,DRYS
kbr,KBR
ldf,LDF
nymto,NYMTO
cea,CEA
len-b,LEN-B
aa,AA
kona,KONA
newm,NEWM
phd,PHD
faro,FARO
nymtn,NYMTN
cade,CADE
pcg_d,PCG_D
bk,BK
spab,SPAB
ess,ESS
icad,ICAD
sumr,SUMR
rmp,RMP
dit,DIT
nhs,NHS
ryaay,RYAAY
pkoh,PKOH
kblmw,KBLMW
nuw,NUW
ari_c,ARI_C
qnst,QNST
ggo,GGO
cnob,CNOB
tmk,TMK
ooma,OOMA
hov,HOV
atxi,ATXI
vbtx,VBTX
wbs_e,WBS_E
gne_a,GNE_A
payx,PAYX
pbr-a,PBR-A
cen,CEN
hrg,HRG
gazb,GAZB
ivz,IVZ
renx,RENX
bsjn,BSJN
dskew,DSKEW
catyw,CATYW
fmcir,FMCIR
rog,ROG
unb,UNB
ddr,DDR
vr,VR
oacqr,OACQR
two,TWO
wear,WEAR
amx,AMX
emhy,EMHY
pnc-ws,PNC-WS
tgp,TGP
chy,CHY
ms_a,MS_A
jpeu,JPEU
ktec,KTEC
bfz,BFZ
jphy,JPHY
utf,UTF
rndm,RNDM
habt,HABT
pir,PIR
boxl,BOXL
gsbc,GSBC
aif,AIF
wsr,WSR
sho,SHO
dwch,DWCH
cg,CG
hyb,HYB
kb,KB
ango,ANGO
hunt,HUNT
prgo,PRGO
etn,ETN
mtsi,MTSI
mpwr,MPWR
sum,SUM
arc,ARC
synl,SYNL
uctt,UCTT
efl,EFL
kem,KEM
ctrp,CTRP
bmy,BMY
chke,CHKE
schw,SCHW
kaacu,KAACU
ggn,GGN
dis,DIS
ncty,NCTY
ard,ARD
tpb,TPB
tatt,TATT
nspr-ws-b,NSPR-WS-B
jpm_a,JPM_A
mcd,MCD
msg,MSG
lub,LUB
ry_s-cl,RY_S-CL
actg,ACTG
ttp,TTP
ths,THS
cil,CIL
vcel,VCEL
fnb_e,FNB_E
cmu,CMU
gof,GOF
bll,BLL
nbrv,NBRV
cys_b,CYS_B
fcn,FCN
igc,IGC
halo,HALO
pmt_b,PMT_B
ticcl,TICCL
iipr,IIPR
ophc,OPHC
flxn,FLXN
pwr,PWR
mosc-u,MOSC-U
eto,ETO
jec,JEC
bpl,BPL
clnt,CLNT
dhvw,DHVW
tcf_b-cl,TCF_B-CL
rdfn,RDFN
hewl,HEWL
pgre,PGRE
ello,ELLO
pdfs,PDFS
alna,ALNA
tmhc,TMHC
rndv,RNDV
nad,NAD
mhf,MHF
bhf,BHF
jeq,JEQ
seb,SEB
bac_e,BAC_E
nfbk,NFBK
trcb,TRCB
asmb,ASMB
njv,NJV
tcrd,TCRD
czz,CZZ
aldx,ALDX
wow,WOW
chsco,CHSCO
boja,BOJA
erm,ERM
fisk,FISK
blcm,BLCM
ezpw,EZPW
msd,MSD
mhk,MHK
dyb,DYB
mtr,MTR
spr,SPR
jhd,JHD
snh,SNH
apps,APPS
fcfs,FCFS
abcb,ABCB
cavm,CAVM
lgcy,LGCY
acre,ACRE
stm,STM
pcg_i,PCG_I
tkr,TKR
cnnx,CNNX
cmrx,CMRX
dzsi,DZSI
axdx,AXDX
itg,ITG
tpgh-ws,TPGH-WS
ofg_a,OFG_A
jpem,JPEM
pld,PLD
cnce,CNCE
sdpi,SDPI
unp,UNP
psa_c,PSA_C
zn,ZN
shoo,SHOO
pbh,PBH
opy,OPY
fnhc,FNHC
svvc,SVVC
kos,KOS
cald,CALD
stor,STOR
dlr_c,DLR_C
tmst,TMST
cntf,CNTF
gst_b,GST_B
cfnb,CFNB
ifrx,IFRX
sons,SONS
big,BIG
tsla,TSLA
intl,INTL
gdvd,GDVD
mt,MT
nsit,NSIT
xmx,XMX
jaso,JASO
frt_c,FRT_C
cpta,CPTA
hmlp_a,HMLP_A
nhld,NHLD
gshtw,GSHTW
ago_f,AGO_F
chsp,CHSP
tctl,TCTL
cala,CALA
kpti,KPTI
sn,SN
gjh,GJH
gmlp,GMLP
rad,RAD
fb,FB
jhma,JHMA
hwcc,HWCC
mfv,MFV
kweb,KWEB
gprk,GPRK
batra,BATRA
bhk,BHK
ktwo,KTWO
stt,STT
usoi,USOI
eab,EAB
mwa,MWA
gef-b,GEF-B
scm,SCM
myi,MYI
cp,CP
mcx,MCX
rgt,RGT
bokf,BOKF
bfit,BFIT
nomd,NOMD
cie,CIE
nymt,NYMT
leo,LEO
itrn,ITRN
inod,INOD
tpvy,TPVY
vtvt,VTVT
gale,GALE
evp,EVP
mixt,MIXT
gntx,GNTX
rnva,RNVA
kin,KIN
rost,ROST
eat,EAT
dkl,DKL
fhn,FHN
bles,BLES
esgu,ESGU
jmm,JMM
lci,LCI
imte,IMTE
laz,LAZ
meli,MELI
iae,IAE
mmdmr,MMDMR
rhe_a,RHE_A
aod,AOD
afmd,AFMD
veev,VEEV
hfbc,HFBC
prsc,PRSC
ancb,ANCB
bcacw,BCACW
bpmp,BPMP
agd,AGD
viab,VIAB
mtrx,MTRX
ghm,GHM
cdti,CDTI
gdl_b,GDL_B
fcef,FCEF
sif,SIF
fmbi,FMBI
selb,SELB
pcyo,PCYO
ulta,ULTA
tru,TRU
lxft,LXFT
ftxh,FTXH
cfg,CFG
hcm,HCM
jxsb,JXSB
trtx,TRTX
mdso,MDSO
fleu,FLEU
msci,MSCI
ssnc,SSNC
ng,NG
atnx,ATNX
anh,ANH
nnn_e,NNN_E
ccrc,CCRC
frc_g,FRC_G
ubrt,UBRT
cgo,CGO
nca,NCA
flic,FLIC
xncr,XNCR
bby,BBY
ctb,CTB
aten,ATEN
xlre,XLRE
mdu,MDU
org,ORG
fcal,FCAL
fiee,FIEE
entg,ENTG
fms,FMS
news,NEWS
anda,ANDA
pacb,PACB
desp,DESP
mu,MU
crhm,CRHM
ebayl,EBAYL
gcv_b,GCV_B
kcny,KCNY
wtr,WTR
dxtr,DXTR
iesc,IESC
cli,CLI
ta,TA
bwina,BWINA
catm,CATM
ry,RY
mindp,MINDP
fedu,FEDU
cgen,CGEN
tchf,TCHF
gnw,GNW
veacw,VEACW
sdlp,SDLP
sage,SAGE
cnhi,CNHI
eprf,EPRF
ctmx,CTMX
wrd,WRD
bfk,BFK
vbf,VBF
imrn,IMRN
rkda,RKDA
ens,ENS
plse,PLSE
tntr,TNTR
wppgy,WPPGY
avp,AVP
tdw-ws-b,TDW-WS-B
mrbk,MRBK
iag,IAG
foxa,FOXA
jci,JCI
ccz,CCZ
cbak,CBAK
rga,RGA
ptn,PTN
hebt,HEBT
viv,VIV
gwr,GWR
rsys,RSYS
ssbi,SSBI
jasnw,JASNW
ajg,AJG
fds,FDS
spxt,SPXT
vive,VIVE
crvp,CRVP
rcii,RCII
pflt,PFLT
mrcc,MRCC
eaglu,EAGLU
ocip,OCIP
ousa,OUSA
mhld,MHLD
nure,NURE
ryam,RYAM
wsm,WSM
hlit,HLIT
fwonk,FWONK
dlb,DLB
aal,AAL
hmtv,HMTV
nly_c,NLY_C
elecu,ELECU
jmom,JMOM
ccoi,CCOI
aimc,AIMC
idsy,IDSY
glmd,GLMD
dewj,DEWJ
vigi,VIGI
bpfhw,BPFHW
ipay,IPAY
bst,BST
farm,FARM
cmo_e,CMO_E
cgi,CGI
clls,CLLS
comm,COMM
cphi,CPHI
ftk,FTK
vdsi,VDSI
hhs,HHS
gbliz,GBLIZ
kl,KL
atkr,ATKR
ueic,UEIC
nusc,NUSC
akg,AKG
aspu,ASPU
sup,SUP
eaglw,EAGLW
ibml,IBML
aspn,ASPN
sbh,SBH
pfo,PFO
mfl,MFL
ousm,OUSM
edd,EDD
crr,CRR
bgh,BGH
wpz,WPZ
db,DB
amza,AMZA
ncz,NCZ
brss,BRSS
qep,QEP
ntz,NTZ
bracu,BRACU
itci,ITCI
ntg,NTG
smit,SMIT
aee,AEE
elli,ELLI
xny,XNY
zbra,ZBRA
ibtx,IBTX
emitf,EMITF
chuy,CHUY
zb_h,ZB_H
apvo,APVO
gnl_a,GNL_A
hpf,HPF
qxmi,QXMI
fcco,FCCO
tnp_b,TNP_B
ncbs,NCBS
bro,BRO
tsi,TSI
ehic,EHIC
apf,APF
dffn,DFFN
pstg,PSTG
usm,USM
cvna,CVNA
odc,ODC
icl,ICL
tv,TV
key,KEY
cvs,CVS
aytu,AYTU
scl,SCL
fro,FRO
shldw,SHLDW
epd,EPD
atto,ATTO
bned,BNED
jbss,JBSS
fi,FI
bv,BV
fdx,FDX
myrg,MYRG
lrn,LRN
bcacu,BCACU
spb,SPB
wpxp,WPXP
shak,SHAK
inpx,INPX
acor,ACOR
kref,KREF
ksa,KSA
pbyi,PBYI
emxc,EMXC
abtx,ABTX
dish,DISH
ntl,NTL
fusb,FUSB
psmm,PSMM
sauc,SAUC
kof,KOF
endp,ENDP
dlr_i,DLR_I
taco,TACO
cur,CUR
tannz,TANNZ
incr,INCR
riot,RIOT
psf,PSF
fat,FAT
tnxp,TNXP
twi,TWI
xhr,XHR
gpt,GPT
esrt,ESRT
hcp,HCP
wmgiz,WMGIZ
hhc,HHC
ior,IOR
bhe,BHE
leco,LECO
nvcr,NVCR
egl,EGL
duc,DUC
aht_f,AHT_F
cvgi,CVGI
psa_g,PSA_G
fce-a,FCE-A
wbbw,WBBW
mpac,MPAC
chkp,CHKP
ddez,DDEZ
lmha,LMHA
nlnk,NLNK
hf,HF
spdn,SPDN
fsbc,FSBC
hth,HTH
whg,WHG
clns_i,CLNS_I
usvm,USVM
ffiv,FFIV
hpj,HPJ
hni,HNI
sjm,SJM
gdi,GDI
lndc,LNDC
star_e,STAR_E
myndw,MYNDW
omi,OMI
miiiw,MIIIW
esgd,ESGD
par,PAR
apls,APLS
sjw,SJW
spn,SPN
rgld,RGLD
eurn,EURN
qcom,QCOM
cxe,CXE
mstr,MSTR
m,M
optn,OPTN
wfig,WFIG
nbb,NBB
gpc,GPC
bgne,BGNE
ft,FT
afi,AFI
lrcx,LRCX
ric,RIC
fmax,FMAX
jp,JP
ltrpb,LTRPB
wtfcm,WTFCM
gasx,GASX
cndt,CNDT
wrb_d,WRB_D
axgn,AXGN
mbfi,MBFI
eght,EGHT
bef,BEF
fixd,FIXD
vtrb,VTRB
xelb,XELB
peo,PEO
yume,YUME
sndr,SNDR
qtwo,QTWO
frc_f,FRC_F
egif,EGIF
bset,BSET
cubi_c,CUBI_C
eoi,EOI
ffnw,FFNW
vc,VC
ecol,ECOL
sfig,SFIG
macqu,MACQU
pep,PEP
hnna,HNNA
pvh,PVH
gpp,GPP
apo_a,APO_A
ixys,IXYS
lnce,LNCE
cnacw,CNACW
sfs,SFS
omam,OMAM
sgc,SGC
wbkc,WBKC
chubk,CHUBK
ubp_h,UBP_H
ecom,ECOM
lkor,LKOR
blk,BLK
eep,EEP
oilb,OILB
icch,ICCH
kblmu,KBLMU
sbna,SBNA
hog,HOG
csv,CSV
aset,ASET
gpja,GPJA
nakd,NAKD
kor,KOR
tph,TPH
vist,VIST
acy,ACY
scwx,SCWX
cl,CL
bkn,BKN
elp,ELP
susa,SUSA
spg,SPG
egf,EGF
ccc,CCC
tig,TIG
algt,ALGT
ben,BEN
ati,ATI
ni,NI
albo,ALBO
nihd,NIHD
csco,CSCO
clns_g,CLNS_G
wrn,WRN
bfam,BFAM
gold,GOLD
mtw,MTW
srcl,SRCL
gel,GEL
isbc,ISBC
glu,GLU
pcg_c,PCG_C
yum,YUM
imrnw,IMRNW
lone,LONE
xitk,XITK
lite,LITE
goos,GOOS
discb,DISCB
rvrs,RVRS
efoi,EFOI
nick,NICK
mplx,MPLX
tup,TUP
vsec,VSEC
nea,NEA
hayn,HAYN
ncb,NCB
rcl,RCL
emci,EMCI
pke,PKE
fcnca,FCNCA
sce_k,SCE_K
uslb,USLB
canf,CANF
xon,XON
keg,KEG
bsl,BSL
spi,SPI
q,Q
hig,HIG
sbfg,SBFG
un,UN
hbi,HBI
stfc,STFC
osg,OSG
efii,EFII
srf,SRF
flql,FLQL
spun,SPUN
chu,CHU
ebtc,EBTC
mmlp,MMLP
cfco,CFCO
snp,SNP
tcmd,TCMD
cms,CMS
njr,NJR
exg,EXG
blmt,BLMT
trcr,TRCR
gcbc,GCBC
rso_a,RSO_A
oiil,OIIL
btu_,BTU_
aste,ASTE
nwl,NWL
soda,SODA
call,CALL
cefs,CEFS
orly,ORLY
ccmp,CCMP
clar,CLAR
nly,NLY
mant,MANT
i,I
irs,IRS
abg,ABG
tnc,TNC
fsv,FSV
drio,DRIO
ggt_e,GGT_E
iosp,IOSP
cpsh,CPSH
sb,SB
ohgi,OHGI
soi,SOI
abcd,ABCD
gmlpp,GMLPP
atec,ATEC
adbe,ADBE
abax,ABAX
enj,ENJ
obln,OBLN
gs_a,GS_A
artw,ARTW
gs_k,GS_K
rh,RH
cr,CR
car,CAR
hsy,HSY
hsic,HSIC
nue,NUE
etm,ETM
flch,FLCH
amca,AMCA
fl,FL
amnb,AMNB
pgem,PGEM
y,Y
all_a,ALL_A
flir,FLIR
bns,BNS
alex,ALEX
lrad,LRAD
fr,FR
c_j,C_J
usau,USAU
micr,MICR
phiik,PHIIK
crtn,CRTN
sgoc,SGOC
wair,WAIR
cowz,COWZ
sohob,SOHOB
lcut,LCUT
cui,CUI
chci,CHCI
epam,EPAM
bndc,BNDC
hewp,HEWP
fts,FTS
roka,ROKA
fh,FH
trno,TRNO
lpg,LPG
whfbl,WHFBL
yerr,YERR
crws,CRWS
gim,GIM
induu,INDUU
blrx,BLRX
azn,AZN
lcm,LCM
htgc,HTGC
odp,ODP
opp,OPP
ntc,NTC
epc,EPC
nml,NML
mnr,MNR
pcom,PCOM
mei,MEI
amrc,AMRC
uslm,USLM
pcti,PCTI
rmbl,RMBL
sswa,SSWA
egle,EGLE
erh,ERH
nog,NOG
ghy,GHY
cldc,CLDC
eva,EVA
lsi,LSI
bosc,BOSC
xusa,XUSA
ship,SHIP
pntr,PNTR
rdn,RDN
tif,TIF
mgyr,MGYR
mtls,MTLS
boot,BOOT
fve,FVE
ospru,OSPRU
aib-cl,AIB-CL
mod,MOD
ma,MA
oesx,OESX
bscq,BSCQ
cbmg,CBMG
all_e,ALL_E
wg,WG
lor,LOR
rail,RAIL
gnt,GNT
sfix,SFIX
gdv_g,GDV_G
myf,MYF
sgry,SGRY
panl,PANL
tnp,TNP
ccm,CCM
keys,KEYS
kbal,KBAL
wts,WTS
hbcp,HBCP
airg,AIRG
dal,DAL
nxtd,NXTD
dco,DCO
dnbf,DNBF
lbix,LBIX
mac,MAC
nov,NOV
je,JE
taro,TARO
tvpt,TVPT
ptnr,PTNR
aapl,AAPL
bny,BNY
qumu,QUMU
petx,PETX
auy,AUY
ainc,AINC
dtys,DTYS
thga,THGA
wtrx,WTRX
lcahu,LCAHU
wmc,WMC
hawk,HAWK
bbt_h,BBT_H
glyc,GLYC
clwt,CLWT
nen,NEN
lfus,LFUS
bml_j,BML_J
ajx,AJX
aray,ARAY
asns,ASNS
sgma,SGMA
grc,GRC
eric,ERIC
atr,ATR
eslt,ESLT
qada,QADA
cvrs,CVRS
kim,KIM
fax,FAX
ayi,AYI
mobl,MOBL
isig,ISIG
co,CO
ingn,INGN
tbb,TBB
atrc,ATRC
xrf,XRF
hdsn,HDSN
fonr,FONR
dsu,DSU
hdng,HDNG
labl,LABL
ftxl,FTXL
splp_t,SPLP_T
sglb,SGLB
nviv,NVIV
arcx,ARCX
gnl,GNL
itub,ITUB
paa,PAA
aat,AAT
bvx,BVX
ugi,UGI
dlr_g,DLR_G
tde,TDE
glpg,GLPG
wk,WK
ccrn,CCRN
masi,MASI
jtd,JTD
sigm,SIGM
dotar,DOTAR
miw,MIW
pmo,PMO
emes,EMES
mtsl,MTSL
ctg,CTG
agio,AGIO
lake,LAKE
sxcp,SXCP
vtn,VTN
vnda,VNDA
mrus,MRUS
cae,CAE
jhx,JHX
wix,WIX
ircp,IRCP
asb_d,ASB_D
eai,EAI
neos,NEOS
qval,QVAL
fac,FAC
esbk,ESBK
orcl,ORCL
echo,ECHO
jagx,JAGX
thq,THQ
reed,REED
ffty,FFTY
eagl,EAGL
uaa,UAA
skln,SKLN
aaxn,AAXN
ddwm,DDWM
cown,COWN
ahp_b,AHP_B
orn,ORN
asys,ASYS
bac-ws-a,BAC-WS-A
fsm,FSM
rdi,RDI
fis,FIS
alfi,ALFI
arcm,ARCM
anik,ANIK
sca,SCA
wage,WAGE
vbfc,VBFC
bdr,BDR
amswa,AMSWA
utsl,UTSL
jpm_b,JPM_B
arcb,ARCB
ea,EA
lark,LARK
ms_e,MS_E
nymx,NYMX
neu,NEU
imnp,IMNP
gab_h,GAB_H
stay,STAY
eft,EFT
anw,ANW
flco,FLCO
rhe,RHE
cem,CEM
era,ERA
azpn,AZPN
fitbi,FITBI
oild,OILD
hmnf,HMNF
cern,CERN
ssti,SSTI
splk,SPLK
evhc,EVHC
mtgep,MTGEP
gdv_a,GDV_A
tbph,TBPH
bke,BKE
gv,GV
crus,CRUS
pcf,PCF
lode,LODE
fccy,FCCY
srce,SRCE
mrc,MRC
faf,FAF
anat,ANAT
redu,REDU
msdi,MSDI
nci,NCI
pzn,PZN
tsem,TSEM
ppl,PPL
agm_b,AGM_B
jmei,JMEI
ty,TY
boom,BOOM
esca,ESCA
wfc_y,WFC_Y
nwbi,NWBI
hylv,HYLV
ttac,TTAC
kids,KIDS
nfg,NFG
ihg,IHG
ggn_b,GGN_B
essa,ESSA
ftxn,FTXN
bbw,BBW
alp_q,ALP_Q
cbx,CBX
afsi_c,AFSI_C
wfc_t,WFC_T
pdp,PDP
hfxj,HFXJ
hmta,HMTA
wsfs,WSFS
plce,PLCE
srdx,SRDX
hi,HI
sbfgp,SBFGP
nvda,NVDA
psa_z,PSA_Z
lmfa,LMFA
duk,DUK
rmni,RMNI
tcon,TCON
tact,TACT
lmnr,LMNR
veacu,VEACU
enic,ENIC
camp,CAMP
vlt,VLT
tli,TLI
cvco,CVCO
euxl,EUXL
oiim,OIIM
wso,WSO
idcc,IDCC
pi,PI
ctxrw,CTXRW
lm,LM
clb,CLB
kaac,KAAC
vrtu,VRTU
bcei,BCEI
fncf,FNCF
cart,CART
fogo,FOGO
adtn,ADTN
cof,COF
ehi,EHI
esgl,ESGL
wpc,WPC
fbio,FBIO
manh,MANH
wlh,WLH
vrnt,VRNT
nsa,NSA
rba,RBA
nwy,NWY
pmom,PMOM
oneo,ONEO
wac,WAC
sanw,SANW
acrs,ACRS
indb,INDB
san_c,SAN_C
plt,PLT
clvs,CLVS
etj,ETJ
hix,HIX
ondk,ONDK
delt,DELT
an,AN
rnr_e,RNR_E
mlnt,MLNT
spmv,SPMV
mvf,MVF
invh,INVH
cic-ws,CIC-WS
spro,SPRO
hie,HIE
else,ELSE
hio,HIO
bpopn,BPOPN
rl,RL
eye,EYE
pb,PB
dare,DARE
frt,FRT
amtx,AMTX
eqs,EQS
sph,SPH
syt,SYT
kep,KEP
bl,BL
htm,HTM
spne,SPNE
cet,CET
colm,COLM
ap,AP
uhs,UHS
veco,VECO
tcbk,TCBK
kar,KAR
whf,WHF
fsacw,FSACW
ottw,OTTW
csa,CSA
galt,GALT
usb_m,USB_M
tdy,TDY
asb_c,ASB_C
prss,PRSS
sb_c,SB_C
elgx,ELGX
disca,DISCA
lfeq,LFEQ
hear,HEAR
gyro,GYRO
cori,CORI
jpm_d-cl,JPM_D-CL
useg,USEG
fcx,FCX
oaks_a,OAKS_A
oled,OLED
hees,HEES
dct,DCT
gaino,GAINO
fibr,FIBR
eyesw,EYESW
flkr,FLKR
luv,LUV
lgi,LGI
scco,SCCO
aemd,AEMD
sanm,SANM
whlrw,WHLRW
mpb,MPB
ahpa,AHPA
ugp,UGP
sal,SAL
phx,PHX
tenx,TENX
hall,HALL
intt,INTT
usph,USPH
int,INT
lexeb,LEXEB
qhc,QHC
srts,SRTS
powl,POWL
ytra,YTRA
rglb,RGLB
cffi,CFFI
nxe,NXE
orrf,ORRF
fhb,FHB
iif,IIF
bcs,BCS
sfly,SFLY
mtb-ws,MTB-WS
cps,CPS
edn,EDN
ahpau,AHPAU
bsf,BSF
awk,AWK
hps,HPS
ead,EAD
self,SELF
mtrn,MTRN
sho_e,SHO_E
rnst,RNST
eurz,EURZ
bid,BID
dota,DOTA
mrrl,MRRL
nati,NATI
revg,REVG
cali,CALI
ontxw,ONTXW
nap,NAP
elvt,ELVT
kone,KONE
cfrx,CFRX
tgh,TGH
ryi,RYI
ergf,ERGF
tei,TEI
weys,WEYS
ceqp,CEQP
kmm,KMM
main,MAIN
mbio,MBIO
xog,XOG
hlg,HLG
cmp,CMP
tues,TUES
spem,SPEM
ardm,ARDM
saex,SAEX
qlc,QLC
snbc,SNBC
clns,CLNS
tdf,TDF
mbwm,MBWM
bysi,BYSI
rfdi,RFDI
sm,SM
caas,CAAS
cgix,CGIX
ntct,NTCT
eth,ETH
icvt,ICVT
sblkl,SBLKL
sgmo,SGMO
osle,OSLE
kemp,KEMP
rbin,RBIN
eqc,EQC
sats,SATS
bnft,BNFT
mtch,MTCH
etsy,ETSY
oas,OAS
cslt,CSLT
mlti,MLTI
ccur,CCUR
x,X
nite,NITE
mus,MUS
hylb,HYLB
gluu,GLUU
fii,FII
hae,HAE
asnd,ASND
cof_h,COF_H
achv,ACHV
bgt,BGT
irm,IRM
zayo,ZAYO
ntra,NTRA
csii,CSII
irtc,IRTC
tfx,TFX
exa,EXA
upld,UPLD
zjzzt,ZJZZT
bar,BAR
lgcyp,LGCYP
sva,SVA
cuda,CUDA
fmo,FMO
tyl,TYL
afl,AFL
ssfn,SSFN
eacqw,EACQW
gs_c,GS_C
ms_g,MS_G
twnkw,TWNKW
aiv,AIV
mvo,MVO
pdce,PDCE
teso,TESO
prme,PRME
jtpy,JTPY
aprn,APRN
quot,QUOT
zbk,ZBK
expr,EXPR
mysz,MYSZ
fcsc,FCSC
vedl,VEDL
opb,OPB
nets,NETS
wdrw,WDRW
pave,PAVE
amkr,AMKR
dcom,DCOM
dalt,DALT
adp,ADP
csbk,CSBK
aggy,AGGY
tfsl,TFSL
ael,AEL
vno_i,VNO_I
vz,VZ
enph,ENPH
nnc,NNC
brc,BRC
mbuu,MBUU
lw,LW
ardx,ARDX
flbr,FLBR
oxbrw,OXBRW
rexr,REXR
ctdd,CTDD
pdt,PDT
bcli,BCLI
nbtb,NBTB
tnav,TNAV
pbi,PBI
enx,ENX
brk-a,BRK-A
cuo,CUO
cpl,CPL
acet,ACET
moti,MOTI
myl,MYL
melr,MELR
arex,AREX
nyld-a,NYLD-A
stt_e,STT_E
nav,NAV
nee_h-cl,NEE_H-CL
pei_d,PEI_D
gsl,GSL
nfec,NFEC
bml_h,BML_H
blvdu,BLVDU
umh_c,UMH_C
sem,SEM
gigm,GIGM
kblmr,KBLMR
chn,CHN
tpre,TPRE
evh,EVH
jpin,JPIN
spex,SPEX
cmre_b,CMRE_B
arr_a,ARR_A
voya,VOYA
bit,BIT
bspm,BSPM
vnla,VNLA
flat,FLAT
pfe,PFE
kbwd,KBWD
tsq,TSQ
hyi,HYI
fbnc,FBNC
idlb,IDLB
hl,HL
cik,CIK
opk,OPK
pky,PKY
lmrkp,LMRKP
bwld,BWLD
ecr,ECR
cbay,CBAY
tlnd,TLND
gsv,GSV
rous,ROUS
igld,IGLD
wdc,WDC
creg,CREG
dmri,DMRI
fnb,FNB
cthr,CTHR
mmt,MMT
apo,APO
tac,TAC
stc,STC
bti,BTI
frgi,FRGI
jro,JRO
psl,PSL
evc,EVC
pphm,PPHM
alqa,ALQA
rosg,ROSG
xnet,XNET
ty_,TY_
nxeow,NXEOW
snoa,SNOA
emx,EMX
fftg,FFTG
ach,ACH
ichr,ICHR
iknx,IKNX
crc,CRC
xina,XINA
rxn,RXN
arkg,ARKG
nee_c-cl,NEE_C-CL
stn,STN
gpl,GPL
lsxma,LSXMA
nk,NK
trk,TRK
deo,DEO
rcm,RCM
wfc_q,WFC_Q
banc_c,BANC_C
kopn,KOPN
icow,ICOW
mict,MICT
trv,TRV
tri,TRI
snv_c,SNV_C
psb_x,PSB_X
stot,STOT
mhnc,MHNC
agn_a,AGN_A
jks,JKS
c_l,C_L
jmp,JMP
ptr,PTR
rgen,RGEN
hayu,HAYU
mcy,MCY
slab,SLAB
lrge,LRGE
clns_e,CLNS_E
rivr,RIVR
vta,VTA
mvcb,MVCB
mtl,MTL
driow,DRIOW
adnt,ADNT
nubd,NUBD
dps,DPS
cva,CVA
vsto,VSTO
iphs,IPHS
ngvt,NGVT
arcw,ARCW
bbsi,BBSI
tpl,TPL
chk_d,CHK_D
pac,PAC
cfcow,CFCOW
bbt_d,BBT_D
muh,MUH
emms,EMMS
pbr,PBR
tisa,TISA
dsm,DSM
adma,ADMA
trox,TROX
anh_b,ANH_B
tco_k,TCO_K
cop,COP
jpm_g,JPM_G
myd,MYD
abx,ABX
vlgea,VLGEA
ebix,EBIX
dhil,DHIL
teum,TEUM
cpla,CPLA
mvis,MVIS
nycb,NYCB
isze,ISZE
saft,SAFT
aes,AES
cbb,CBB
ocsl,OCSL
pbfx,PBFX
msex,MSEX
usb_a,USB_A
sbnyw,SBNYW
ppsi,PPSI
nvs,NVS
mtex,MTEX
dss,DSS
wea,WEA
cdk,CDK
plm,PLM
gmed,GMED
tpvg,TPVG
nghcp,NGHCP
eae,EAE
rlj_a,RLJ_A
mark,MARK
tdj,TDJ
prov,PROV
gladn,GLADN
cbi,CBI
elon,ELON
flks,FLKS
bch,BCH
maa,MAA
adxs,ADXS
cxrx,CXRX
ast,AST
snss,SNSS
nss,NSS
rice,RICE
ftxr,FTXR
imuc,IMUC
kwn,KWN
arl,ARL
oxlco,OXLCO
uvv,UVV
eqr,EQR
athn,ATHN
nhldw,NHLDW
hbhcl,HBHCL
fbr,FBR
ceva,CEVA
kra,KRA
mlpq,MLPQ
hwkn,HWKN
cubi_d,CUBI_D
dde,DDE
rjf,RJF
tbk,TBK
nl,NL
tm,TM
mmac,MMAC
glpi,GLPI
amp,AMP
dysl,DYSL
cvi,CVI
hotr,HOTR
bdn,BDN
sofo,SOFO
crai,CRAI
eqm,EQM
musa,MUSA
pzza,PZZA
bery,BERY
gthx,GTHX
scmp,SCMP
zion,ZION
agt,AGT
wu,WU
nmm,NMM
rm,RM
sivbo,SIVBO
gmz,GMZ
mfinl,MFINL
syf,SYF
snr,SNR
ddr_k,DDR_K
tcrx,TCRX
bbgi,BBGI
trow,TROW
vvv,VVV
aezs,AEZS
gne,GNE
cys_a,CYS_A
uonek,UONEK
wre,WRE
feye,FEYE
cclp,CCLP
voc,VOC
acp,ACP
dwtr,DWTR
bokfl,BOKFL
otel,OTEL
f,F
ghc,GHC
biol,BIOL
rlog,RLOG
ht,HT
acxm,ACXM
mho,MHO
clxt,CLXT
hlm_,HLM_
chi,CHI
cinf,CINF
czfc,CZFC
wayn,WAYN
gjs,GJS
ceo,CEO
evm,EVM
sam,SAM
rfda,RFDA
cdxs,CDXS
fgen,FGEN
cvg,CVG
flgb,FLGB
celg,CELG
agfs,AGFS
wba,WBA
tdc,TDC
ottr,OTTR
vlrx,VLRX
mlss,MLSS
akam,AKAM
gemp,GEMP
trnc,TRNC
hafc,HAFC
hos,HOS
eia,EIA
ftai,FTAI
xper,XPER
adm,ADM
urgn,URGN
rcmt,RCMT
epzm,EPZM
vsat,VSAT
hyxe,HYXE
dhy,DHY
jhmi,JHMI
molc,MOLC
veac,VEAC
usak,USAK
enh_c,ENH_C
tast,TAST
glq,GLQ
uone,UONE
mer_k,MER_K
insy,INSY
ppg,PPG
hmst,HMST
tgb,TGB
smi,SMI
hbnc,HBNC
dusa,DUSA
peix,PEIX
iht,IHT
cfx,CFX
saia,SAIA
dfvs,DFVS
race,RACE
gpac,GPAC
reta,RETA
msl,MSL
pery,PERY
divb,DIVB
prmw,PRMW
mtfbw,MTFBW
hbio,HBIO
wbic,WBIC
nxtdw,NXTDW
jkhy,JKHY
amgn,AMGN
dcix,DCIX
ddt,DDT
ivfgc,IVFGC
wspt,WSPT
lnc,LNC
gut_c,GUT_C
susc,SUSC
obe,OBE
heus,HEUS
pdvw,PDVW
thw,THW
lvntb,LVNTB
fprx,FPRX
vtc,VTC
mitk,MITK
idhd,IDHD
kool,KOOL
rdwr,RDWR
hgv,HGV
csfl,CSFL
wbih,WBIH
gs,GS
pbctp,PBCTP
insi,INSI
sf,SF
ip,IP
vgz,VGZ
mth,MTH
ntrs,NTRS
evy,EVY
aosl,AOSL
epr_f,EPR_F
abio,ABIO
ctrl,CTRL
pco,PCO
fosl,FOSL
jt,JT
phm,PHM
ubnk,UBNK
ibkc,IBKC
gtn-a,GTN-A
mbcn,MBCN
mrsn,MRSN
ktov,KTOV
cw,CW
wexp,WEXP
ctaa,CTAA
fsic,FSIC
nom,NOM
lyts,LYTS
met_a,MET_A
nnvc,NNVC
slda,SLDA
glbl,GLBL
ormp,ORMP
sti_e,STI_E
cbfv,CBFV
denn,DENN
tap-a,TAP-A
trn,TRN
tyme,TYME
vod,VOD
rex,REX
sun,SUN
mmm,MMM
pdi,PDI
conn,CONN
rbcn,RBCN
amzn,AMZN
bgcp,BGCP
cboe,CBOE
wbia,WBIA
mx,MX
ctic,CTIC
ahpi,AHPI
now,NOW
ba,BA
abco,ABCO
nrk,NRK
d,D
he_u,HE_U
fcb,FCB
gcvrz,GCVRZ
wusa,WUSA
puk_,PUK_
acv,ACV
lpsn,LPSN
dwaq,DWAQ
cidm,CIDM
bp,BP
psb_v,PSB_V
cbpx,CBPX
grf,GRF
goau,GOAU
cpix,CPIX
abdc,ABDC
htf-cl,HTF-CL
gvip,GVIP
psa_w,PSA_W
ccj,CCJ
exfo,EXFO
csra,CSRA
icbk,ICBK
otex,OTEX
rspp,RSPP
glp,GLP
mbfip,MBFIP
mhh,MHH
dhi,DHI
flex,FLEX
pgr,PGR
tmk_b,TMK_B
bsjo,BSJO
yin,YIN
rqi,RQI
snfca,SNFCA
ds_b,DS_B
cars,CARS
mav,MAV
ptla,PTLA
tsc,TSC
lly,LLY
gnt_a,GNT_A
csiq,CSIQ
saic,SAIC
syna,SYNA
shny,SHNY
all_d,ALL_D
wdfc,WDFC
qxrr,QXRR
nblx,NBLX
bfin,BFIN
cers,CERS
spsc,SPSC
pixy,PIXY
dtq,DTQ
ofs,OFS
wdr,WDR
fpp-ws,FPP-WS
eff,EFF
nbhc,NBHC
cvm-ws,CVM-WS
bci,BCI
lpnt,LPNT
tr,TR
spib,SPIB
omex,OMEX
cubn,CUBN
adom,ADOM
amov,AMOV
tpic,TPIC
swz,SWZ
ozrk,OZRK
clfd,CLFD
evlv,EVLV
sqns,SQNS
dhdg,DHDG
tmusp,TMUSP
gpre,GPRE
cy,CY
ppdf,PPDF
cmre,CMRE
obci,OBCI
impv,IMPV
mexx,MEXX
ribt,RIBT
finx,FINX
avxl,AVXL
qgta,QGTA
xgtiw,XGTIW
eca,ECA
fdmo,FDMO
rfun,RFUN
omed,OMED
aobc,AOBC
cic,CIC
ubp_f-cl,UBP_F-CL
hds,HDS
xray,XRAY
jri,JRI
nycb_u,NYCB_U
clro,CLRO
cmssr,CMSSR
opht,OPHT
ssp,SSP
amid,AMID
ibd,IBD
rttr,RTTR
rht,RHT
ppt,PPT
pzrx,PZRX
tot,TOT
vrtsp,VRTSP
kfrc,KFRC
blh,BLH
wcfb,WCFB
exd,EXD
pslv,PSLV
lksd,LKSD
hyxu,HYXU
ssl,SSL
rxii,RXII
srunu,SRUNU
uza,UZA
sieb,SIEB
diod,DIOD
nak,NAK
wd,WD
mbin,MBIN
tst,TST
hbann,HBANN
cveo,CVEO
cownl,COWNL
nnn_f,NNN_F
abmd,ABMD
ice,ICE
gimo,GIMO
ptf,PTF
xlnx,XLNX
arr_b,ARR_B
modn,MODN
iex,IEX
casm,CASM
issc,ISSC
btn,BTN
phi,PHI
mchp,MCHP
dnkn,DNKN
nspr-ws,NSPR-WS
syk,SYK
mnga,MNGA
bybk,BYBK
gbt,GBT
she,SHE
wsky,WSKY
pba,PBA
pmd,PMD
spwr,SPWR
slg,SLG
newa,NEWA
ovbc,OVBC
odfl,ODFL
andv,ANDV
tpgh-u,TPGH-U
bncl,BNCL
agtc,AGTC
goro,GORO
deus,DEUS
for,FOR
hqcl,HQCL
nexa,NEXA
rft,RFT
kbwy,KBWY
iagg,IAGG
bdx,BDX
esgn,ESGN
jrjc,JRJC
macq,MACQ
ppx,PPX
lamr,LAMR
enfc,ENFC
gts,GTS
supv,SUPV
iclr,ICLR
evr,EVR
evep,EVEP
mrin,MRIN
a,A
ilmn,ILMN
mmyt,MMYT
bhb,BHB
eemx,EEMX
tpge-u,TPGE-U
cfr,CFR
qiwi,QIWI
ribtw,RIBTW
aug,AUG
lad,LAD
sybx,SYBX
rlgt_a,RLGT_A
oxlcm,OXLCM
jps,JPS
clirw,CLIRW
hbano,HBANO
mtn,MTN
tanh,TANH
esnd,ESND
bios,BIOS
asml,ASML
capr,CAPR
yten,YTEN
unty,UNTY
rpt_d,RPT_D
riv,RIV
loma,LOMA
snd,SND
fit,FIT
pfg,PFG
cgnt,CGNT
evri,EVRI
ufpt,UFPT
carv,CARV
eqix,EQIX
pnm,PNM
hvt,HVT
usb_h,USB_H
vicl,VICL
crak,CRAK
burl,BURL
nbev,NBEV
umh,UMH
nus,NUS
aoxg,AOXG
etv,ETV
flws,FLWS
ufcs,UFCS
vlrs,VLRS
dcm,DCM
cms_b,CMS_B
sxi,SXI
blph,BLPH
ggm,GGM
fold,FOLD
dcf,DCF
twx,TWX
iamxr,IAMXR
pyz,PYZ
hig-ws,HIG-WS
maga,MAGA
paas,PAAS
dl,DL
jmf,JMF
mar,MAR
prty,PRTY
msft,MSFT
e,E
mqy,MQY
ect,ECT
ubsh,UBSH
bmla,BMLA
cuk,CUK
mfm,MFM
lca,LCA
enva,ENVA
time,TIME
uan,UAN
ttgt,TTGT
cmi,CMI
ed,ED
agnc,AGNC
fet,FET
mtsc,MTSC
onb,ONB
vale,VALE
fmdg,FMDG
ry_t,RY_T
calx,CALX
baba,BABA
cbl_e,CBL_E
toca,TOCA
tsg,TSG
jctcf,JCTCF
pfbx,PFBX
basi,BASI
pfie,PFIE
fn,FN
tel,TEL
tyht,TYHT
sptl,SPTL
tgc,TGC
stx,STX
jhml,JHML
laws,LAWS
edit,EDIT
ter,TER
pkw,PKW
vno_l,VNO_L
mpaa,MPAA
srun,SRUN
zx,ZX
bkep,BKEP
jazz,JAZZ
vgr,VGR
rfem,RFEM
ts,TS
avdl,AVDL
arow,AROW
pmt,PMT
ivfvc,IVFVC
nxp,NXP
jhme,JHME
esv,ESV
blvd,BLVD
ccl,CCL
elmd,ELMD
wing,WING
kvhi,KVHI
psmt,PSMT
vec,VEC
plw,PLW
mgee,MGEE
hone,HONE
imdz,IMDZ
asa,ASA
sbot,SBOT
jhsc,JHSC
rngr,RNGR
ntip,NTIP
rgnx,RGNX
epr_c,EPR_C
splp,SPLP
itic,ITIC
jce,JCE
gmre,GMRE
iivi,IIVI
fen,FEN
vrex,VREX
krys,KRYS
gco,GCO
abeo,ABEO
wsbf,WSBF
expd,EXPD
fdef,FDEF
fls,FLS
govni,GOVNI
eot,EOT
ecf,ECF
boh,BOH
lulu,LULU
gsvc,GSVC
sky,SKY
iii,III
cfbk,CFBK
prqr,PRQR
fanz,FANZ
ftek,FTEK
cost,COST
pmpt,PMPT
aep,AEP
wnfm,WNFM
jhmc,JHMC
srv,SRV
rmd,RMD
daio,DAIO
uqm,UQM
ftrpr,FTRPR
dnn,DNN
sqm,SQM
sir,SIR
dvem,DVEM
rtnb,RTNB
hifs,HIFS
akao,AKAO
anth,ANTH
tsu,TSU
dorm,DORM
onp,ONP
tol,TOL
town,TOWN
krnt,KRNT
arna,ARNA
cyad,CYAD
ccxi,CCXI
cbmx,CBMX
apti,APTI
gsit,GSIT
atra,ATRA
pten,PTEN
xent,XENT
xela,XELA
opnt,OPNT
bzh,BZH
tvc,TVC
tda,TDA
aphb,APHB
drua,DRUA
cef,CEF
fsnn,FSNN
emtl,EMTL
nstg,NSTG
bofi,BOFI
gte,GTE
eng,ENG
bsx,BSX
ecl,ECL
fizz,FIZZ
ctbi,CTBI
ffti,FFTI
vygr,VYGR
mog-a,MOG-A
mft,MFT
twin,TWIN
kwn-cl,KWN-CL
cban,CBAN
kmf,KMF
gs_i-cl,GS_I-CL
esg,ESG
mdc,MDC
szc,SZC
igr,IGR
pty,PTY
edu,EDU
rnn,RNN
xoma,XOMA
iti,ITI
smci,SMCI
fsfg,FSFG
ngl_b,NGL_B
erj,ERJ
utl,UTL
flau,FLAU
ktos,KTOS
cdna,CDNA
hgt,HGT
dwfi,DWFI
rmax,RMAX
rytm,RYTM
brfs,BRFS
agiil,AGIIL
rand,RAND
lgl,LGL
ares,ARES
wmt,WMT
pxi,PXI
ucbi,UCBI
mrtn,MRTN
acsi,ACSI
vrts,VRTS
hgsh,HGSH
apop,APOP
hacw,HACW
azrx,AZRX
grx_a,GRX_A
ldr,LDR
lvs,LVS
bmrc,BMRC
ftr,FTR
npn,NPN
celh,CELH
mlpz,MLPZ
sail,SAIL
vsmv,VSMV
amph,AMPH
cnhx,CNHX
aker,AKER
afty,AFTY
amsc,AMSC
igem,IGEM
cytx,CYTX
mrns,MRNS
bgca,BGCA
pbib,PBIB
nok,NOK
len,LEN
caty,CATY
spts,SPTS
cyrx,CYRX
sga,SGA
rso_c,RSO_C
amcx,AMCX
leds,LEDS
logi,LOGI
rmniw,RMNIW
etw,ETW
bioc,BIOC
wf,WF
banc_e,BANC_E
sprt,SPRT
expo,EXPO
hrc,HRC
smts,SMTS
crcm,CRCM
jbr,JBR
osk,OSK
useq,USEQ
pbio,PBIO
diva,DIVA
sfe,SFE
edi,EDI
enzy,ENZY
pso,PSO
appf,APPF
amrh,AMRH
tnh,TNH
ftv,FTV
pay,PAY
hst,HST
kmpr,KMPR
chscp,CHSCP
sskn,SSKN
kldw,KLDW
snmp,SNMP
nly_f,NLY_F
run,RUN
crme,CRME
cls,CLS
enor,ENOR
maxr,MAXR
aby,ABY
grx,GRX
qvca,QVCA
nksh,NKSH
ihit,IHIT
shsp,SHSP
acgl,ACGL
goodo,GOODO
ndraw,NDRAW
pg,PG
cwst,CWST
cnat,CNAT
mgi,MGI
cnxc,CNXC
psa_f,PSA_F
htrb,HTRB
nmy,NMY
psdv,PSDV
uhal,UHAL
fox,FOX
iqi,IQI
rza,RZA
lglr,LGLR
xplr,XPLR
bgx,BGX
qd,QD
amh_c,AMH_C
orex,OREX
husa,HUSA
var,VAR
eccb,ECCB
cibr,CIBR
cltl,CLTL
ksm,KSM
vrsk,VRSK
grp-u,GRP-U
qbak,QBAK
gslc,GSLC
gsjy,GSJY
atvi,ATVI
tgp_a,TGP_A
lyb,LYB
cetxp,CETXP
fpi_b,FPI_B
dty,DTY
chd,CHD
tecd,TECD
sfnc,SFNC
hsni,HSNI
ahp,AHP
tgs,TGS
tvty,TVTY
rnr_c,RNR_C
fsacu,FSACU
wfbi,WFBI
mjco,MJCO
psxp,PSXP
cohr,COHR
linu,LINU
bgr,BGR
oilx,OILX
vgfo,VGFO
hon,HON
ipci,IPCI
bgg,BGG
ge,GE
inn_b,INN_B
mitt_b,MITT_B
xweb,XWEB
nghcz,NGHCZ
nvee,NVEE
pgp,PGP
stt_c,STT_C
kim_j,KIM_J
abr,ABR
avgo,AVGO
grmn,GRMN
sar,SAR
brkr,BRKR
edf,EDF
etp,ETP
mg,MG
til,TIL
ahl_c,AHL_C
bpk,BPK
mon,MON
ago_e,AGO_E
ent,ENT
semg,SEMG
aoi,AOI
pf,PF
pnf,PNF
bml_g,BML_G
axs,AXS
gpic,GPIC
band,BAND
infu,INFU
asrvp,ASRVP
cbz,CBZ
lare,LARE
lbrda,LBRDA
haud,HAUD
at,AT
tsri,TSRI
smmf,SMMF
plnt,PLNT
kelya,KELYA
true,TRUE
frbk,FRBK
nsys,NSYS
good,GOOD
brqs,BRQS
acst,ACST
gs_n,GS_N
ll,LL
drrx,DRRX
tops,TOPS
cisn-ws,CISN-WS
lbtyk,LBTYK
aame,AAME
hpp,HPP
ttai,TTAI
ges,GES
cnit,CNIT
cal,CAL
mic,MIC
mxf,MXF
miy,MIY
icb,ICB
dlr,DLR
fmn,FMN
jta,JTA
zb_a,ZB_A
wabc,WABC
rose,ROSE
irlr,IRLR
dyn-ws-a,DYN-WS-A
hfc,HFC
bcs_d,BCS_D
oaks,OAKS
gnca,GNCA
husv,HUSV
mue,MUE
geny,GENY
smhd,SMHD
bbx,BBX
cmls,CMLS
fval,FVAL
mag,MAG
hr,HR
civbp,CIVBP
bfo,BFO
jpm_f,JPM_F
apc,APC
wire,WIRE
camt,CAMT
insm,INSM
peb,PEB
nghcn,NGHCN
sabr,SABR
slca,SLCA
splp_a,SPLP_A
smbc,SMBC
oaph,OAPH
kldx,KLDX
rdib,RDIB
ccv,CCV
mfem,MFEM
ebr,EBR
nsa_a,NSA_A
cbli,CBLI
cel,CEL
mck,MCK
gaia,GAIA
banx,BANX
mcep,MCEP
dmpi,DMPI
spsm,SPSM
cbl_d,CBL_D
cor,COR
jhg,JHG
nev,NEV
rrc,RRC
esp,ESP
pre_g,PRE_G
boss,BOSS
clx,CLX
wbie,WBIE
idxg,IDXG
avt,AVT
swx,SWX
csl,CSL
andau,ANDAU
abm,ABM
ttwo,TTWO
dni,DNI
sfst,SFST
hri,HRI
ads,ADS
gpe_a-cl,GPE_A-CL
sfr,SFR
nvr,NVR
fra,FRA
gblil,GBLIL
usfd,USFD
urg,URG
ipos,IPOS
cisn,CISN
ggg,GGG
rtix,RTIX
lilak,LILAK
wia,WIA
acc,ACC
ue,UE
fss,FSS
wfc_l,WFC_L
zoes,ZOES
tk,TK
vjet,VJET
see,SEE
uve,UVE
nkx,NKX
epr,EPR
ruth,RUTH
pmt_a,PMT_A
aau,AAU
gch,GCH
hubs,HUBS
stnl,STNL
c-ws-a,C-WS-A
fulll,FULLL
qtm,QTM
wrb_c,WRB_C
dswl,DSWL
gncma,GNCMA
stag_b,STAG_B
ccu,CCU
acnb,ACNB
omc,OMC
zfgn,ZFGN
roam,ROAM
etfc,ETFC
eyes,EYES
kemq,KEMQ
midd,MIDD
cnty,CNTY
mpvd,MPVD
kior,KIOR
schl,SCHL
entr,ENTR
pbct,PBCT
cxo,CXO
mtfb,MTFB
dd_b,DD_B
gpacw,GPACW
arcc,ARCC
wti,WTI
bf-a,BF-A
ras_a,RAS_A
ccor,CCOR
lgf-a,LGF-A
dxc,DXC
fund,FUND
jpi,JPI
igro,IGRO
dmf,DMF
azul,AZUL
hcac-u,HCAC-U
anet,ANET
cdr_b,CDR_B
ide,IDE
wso-b,WSO-B
vst,VST
huntw,HUNTW
ipi,IPI
hiiq,HIIQ
alty,ALTY
tgtx,TGTX
gjo,GJO
wala,WALA
goodm,GOODM
bc,BC
dwat,DWAT
trhc,TRHC
sfm,SFM
flgt,FLGT
snc,SNC
pei_c,PEI_C
plus,PLUS
sypr,SYPR
apd,APD
eea,EEA
ofg,OFG
snhy,SNHY
rpai_a-cl,RPAI_A-CL
cass,CASS
pfs,PFS
myos,MYOS
khc,KHC
emf,EMF
soja,SOJA
ntx,NTX
sti-ws-a,STI-WS-A
mdgs,MDGS
nee,NEE
efsc,EFSC
edr,EDR
cee,CEE
stld,STLD
athx,ATHX
vmax,VMAX
caro,CARO
utlf,UTLF
smfg,SMFG
pq,PQ
frsx,FRSX
espr,ESPR
fivn,FIVN
vrns,VRNS
bsd,BSD
lvhi,LVHI
bhlb,BHLB
mbrx,MBRX
sgbx,SGBX
ssw_h,SSW_H
gbr,GBR
pdlb,PDLB
ain,AIN
bkd,BKD
gsl_b,GSL_B
lpi,LPI
gdv_d,GDV_D
alco,ALCO
mfo,MFO
zbzx,ZBZX
ddd,DDD
aktx,AKTX
hefv,HEFV
nesr,NESR
ntap,NTAP
kequ,KEQU
mxe,MXE
manu,MANU
ldp,LDP
pzg,PZG
swj,SWJ
ibmk,IBMK
pki,PKI
fljh,FLJH
clns_d,CLNS_D
pbus,PBUS
rf_b,RF_B
ako-b,AKO-B
ako-a,AKO-A
vesh,VESH
aic,AIC
gnbc,GNBC
hdlv,HDLV
genc,GENC
nrcib,NRCIB
lmat,LMAT
prtk,PRTK
ibdr,IBDR
clpr,CLPR
scg,SCG
aht_h,AHT_H
sfl,SFL
amcn,AMCN
wmih,WMIH
educ,EDUC
pulm,PULM
dfrg,DFRG
tccb,TCCB
xlrn,XLRN
tco_j,TCO_J
cim,CIM
dtv,DTV
eip,EIP
xbit,XBIT
stz,STZ
agm,AGM
hchc,HCHC
rada,RADA
spg_j,SPG_J
asv,ASV
pmx,PMX
puk_a,PUK_A
nwn,NWN
agx,AGX
usmf,USMF
ipas,IPAS
ti-a,TI-A
pjc,PJC
enlk,ENLK
cgbd,CGBD
metc,METC
pm,PM
wm,WM
ccd,CCD
vsi,VSI
csf,CSF
mdt,MDT
kmg,KMG
sid,SID
golf,GOLF
yext,YEXT
p,P
ptc,PTC
newtl,NEWTL
dfs_b,DFS_B
loco,LOCO
flhk,FLHK
bkepp,BKEPP
stl_a,STL_A
adro,ADRO
glu_a,GLU_A
krp,KRP
wpx,WPX
tree,TREE
chfn,CHFN
mictw,MICTW
novt,NOVT
psa_d,PSA_D
azz,AZZ
pui,PUI
audc,AUDC
salt,SALT
gis,GIS
lq,LQ
dmrc,DMRC
etho,ETHO
sglbw,SGLBW
ftva,FTVA
cbs-a,CBS-A
brew,BREW
bbt_g,BBT_G
fnd,FND
nsu,NSU
iga,IGA
embh,EMBH
dnr,DNR
smpl,SMPL
nwhm,NWHM
gt,GT
btz,BTZ
vmet,VMET
oia,OIA
wday,WDAY
sdr,SDR
bmi,BMI
nim,NIM
pcg_h,PCG_H
ffg,FFG
ptie,PTIE
isp-cl,ISP-CL
cpe_a,CPE_A
snhni,SNHNI
jone,JONE
jhmd,JHMD
thc,THC
glow,GLOW
iphi,IPHI
dtj,DTJ
depo,DEPO
layn,LAYN
spdw,SPDW
mza,MZA
efr,EFR
bprn,BPRN
wash,WASH
wrb,WRB
vsar,VSAR
nuem,NUEM
moxc,MOXC
heq,HEQ
rwt,RWT
stag_c,STAG_C
jsm,JSM
esge,ESGE
c_s,C_S
dy,DY
unam,UNAM
edom,EDOM
brx,BRX
amh_g,AMH_G
yuma,YUMA
smsi,SMSI
sap,SAP
wtfc,WTFC
dglt,DGLT
pico,PICO
sah,SAH
wlb,WLB
pebk,PEBK
scsc,SCSC
pfbc,PFBC
wen,WEN
arnc_,ARNC_
nlst,NLST
gseu,GSEU
htbx,HTBX
ufi,UFI
nkg,NKG
ssn,SSN
gsum,GSUM
alny,ALNY
nextw,NEXTW
blbd,BLBD
adxsw,ADXSW
vra,VRA
awp,AWP
wfc_r,WFC_R
bracw,BRACW
ladr,LADR
cccl,CCCL
fmsa,FMSA
codx,CODX
cir,CIR
trmk,TRMK
amrb,AMRB
omaa,OMAA
bfs,BFS
swm,SWM
ep_c,EP_C
wfhy,WFHY
hstm,HSTM
atacu,ATACU
clrbz,CLRBZ
eacqu,EACQU
box,BOX
sti-ws-b,STI-WS-B
nxj,NXJ
emp,EMP
pgh,PGH
tusk,TUSK
bemo,BEMO
ncv,NCV
rcom,RCOM
intx,INTX
gsh,GSH
fnv,FNV
pnc,PNC
sbbc,SBBC
tlys,TLYS
livn,LIVN
feim,FEIM
aek,AEK
func,FUNC
vmm,VMM
tcf-ws,TCF-WS
fnfv,FNFV
cswc,CSWC
fljp,FLJP
plug,PLUG
gsbd,GSBD
dusl,DUSL
hrb,HRB
axsm,AXSM
ontl,ONTL
atac,ATAC
xbks,XBKS
sce_d,SCE_D
spar,SPAR
bjz,BJZ
trmb,TRMB
mgrc,MGRC
cyd,CYD
pjh,PJH
tcgp,TCGP
bvxv,BVXV
nmih,NMIH
aljj,ALJJ
cube,CUBE
dync,DYNC
grfs,GRFS
sohu,SOHU
acfc,ACFC
mmd,MMD
cvx,CVX
hlth,HLTH
bme,BME
wbs,WBS
exp,EXP
lnth,LNTH
ava,AVA
sncr,SNCR
psa,PSA
mags,MAGS
amc,AMC
cmt,CMT
sdt,SDT
brt,BRT
gcv,GCV
nnbr,NNBR
nxtm,NXTM
anip,ANIP
fmnb,FMNB
atom,ATOM
arci,ARCI
ewmc,EWMC
cytr,CYTR
allt,ALLT
kodk-ws-a,KODK-WS-A
aumn,AUMN
swir,SWIR
ddc,DDC
su,SU
stlrw,STLRW
amot,AMOT
avir,AVIR
fmhi,FMHI
team,TEAM
swch,SWCH
rbb,RBB
mtx,MTX
bac_d,BAC_D
jqc,JQC
ash,ASH
bym,BYM
hdb,HDB
pkx,PKX
hmy,HMY
twtr,TWTR
dave,DAVE
mson,MSON
nan,NAN
fanh,FANH
frc_c,FRC_C
anss,ANSS
hfro,HFRO
lkfn,LKFN
dotau,DOTAU
lxu,LXU
wec,WEC
ulbi,ULBI
cetx,CETX
fmc,FMC
mrdn,MRDN
slg_i,SLG_I
krny,KRNY
bac-ws-b,BAC-WS-B
uht,UHT
natr,NATR
jpgb,JPGB
tts,TTS
llnw,LLNW
towr,TOWR
oksb,OKSB
banr,BANR
hii,HII
hdmv,HDMV
al,AL
bsbr,BSBR
mrk,MRK
web,WEB
mkl,MKL
ngg,NGG
jphf,JPHF
mbt,MBT
bap,BAP
lvlt,LVLT
gcow,GCOW
cncr,CNCR
fgl,FGL
cotv,COTV
clw,CLW
ns_a,NS_A
ptct,PTCT
nlsn,NLSN
mtge,MTGE
bxmt,BXMT
args,ARGS
caf,CAF
hain,HAIN
hurc,HURC
nly_d,NLY_D
vrna,VRNA
clns_c-cl,CLNS_C-CL
bpmc,BPMC
jhmu,JHMU
out,OUT
entl,ENTL
vrig,VRIG
ulvm,ULVM
wfc_j,WFC_J
ahl_d,AHL_D
bwfg,BWFG
rf_a,RF_A
dplo,DPLO
dyn_a,DYN_A
